category,brand,name,price,detail_url,image_url
로션,에스트라,[11월 올영픽] 에스트라 아토베리어365 로션 150ml 기획 (하이드로에센스 25ml+세라-히알 앰플 7ml),24700,https://www.oliveyoung.co.kr/store/goods/getGoodsDetail.do?goodsNo=A000000222834&dispCatNo=100000100010016&t_page=카테고리관&t_click=로션_전체__상품상세&t_number=1,https://image.oliveyoung.co.kr/cfimages/cf-goods/uploads/images/thumbnails/10/0000/0022/A00000022283409ko.jpg?l=ko&QT=85&SF=webp&sharpen=1x0.5
로션,아이디얼포맨,[판테놀/속보습]아이디얼포맨 퍼펙트 보습 올인원 (단품/증정기획),9900,https://www.oliveyoung.co.kr/store/goods/getGoodsDetail.do?goodsNo=A000000210719&dispCatNo=100000100010016&t_page=카테고리관&t_click=로션_전체__상품상세&t_number=2,https://image.oliveyoung.co.kr/cfimages/cf-goods/uploads/images/thumbnails/10/0000/0021/A00000021071921ko.jpg?l=ko&QT=85&SF=webp&sharpen=1x0.5
로션,온그리디언츠,[화잘먹로션/속광케어] 온그리디언츠 스킨 베리어 카밍 로션 기획 (220ml+80ml),33900,https://www.oliveyoung.co.kr/store/goods/getGoodsDetail.do?goodsNo=A000000206352&dispCatNo=100000100010016&t_page=카테고리관&t_click=로션_전체__상품상세&t_number=3,https://image.oliveyoung.co.kr/cfimages/cf-goods/uploads/images/thumbnails/10/0000/0020/A00000020635217ko.png?l=ko&QT=100&SF=webp&sharpen=1x0.5
로션,제로이드,[11월 올영픽] 제로이드 인텐시브 로션 160ml,25900,https://www.oliveyoung.co.kr/store/goods/getGoodsDetail.do?goodsNo=A000000209419&dispCatNo=100000100010016&t_page=카테고리관&t_click=로션_전체__상품상세&t_number=4,https://image.oliveyoung.co.kr/cfimages/cf-goods/uploads/images/thumbnails/10/0000/0020/A00000020941902ko.jpg?l=ko&QT=85&SF=webp&sharpen=1x0.5
로션,아이오페,[9년 연속 1위] 아이오페 맨 올데이 퍼펙트 올인원 120ml 기획 (+30ml),28500,https://www.oliveyoung.co.kr/store/goods/getGoodsDetail.do?goodsNo=A000000184697&dispCatNo=100000100010016&t_page=카테고리관&t_click=로션_전체__상품상세&t_number=5,https://image.oliveyoung.co.kr/cfimages/cf-goods/uploads/images/thumbnails/10/0000/0018/A00000018469728ko.jpg?l=ko&QT=85&SF=webp&sharpen=1x0.5
로션,VT,[NEW][모공/피지케어]VT 리들샷 포맨 올인원 100 엠플러스 150ml 단품/기획,19500,https://www.oliveyoung.co.kr/store/goods/getGoodsDetail.do?goodsNo=A000000236543&dispCatNo=100000100010016&t_page=카테고리관&t_click=로션_전체__상품상세&t_number=6,https://image.oliveyoung.co.kr/cfimages/cf-goods/uploads/images/thumbnails/10/0000/0023/A00000023654314ko.jpg?l=ko&QT=85&SF=webp&sharpen=1x0.5
로션,온그리디언츠,[미니언즈 한정 에디션] 온그리디언츠 스킨 베리어 카밍 로션 기획(220ml+80ml),33900,https://www.oliveyoung.co.kr/store/goods/getGoodsDetail.do?goodsNo=A000000229322&dispCatNo=100000100010016&t_page=카테고리관&t_click=로션_전체__상품상세&t_number=7,https://image.oliveyoung.co.kr/cfimages/cf-goods/uploads/images/thumbnails/10/0000/0022/A00000022932208ko.png?l=ko&QT=100&SF=webp&sharpen=1x0.5
로션,아이디얼포맨,[올영맨즈1등템]아이디얼포맨 퍼펙트 올인원 150ml 기획 3종,17900,https://www.oliveyoung.co.kr/store/goods/getGoodsDetail.do?goodsNo=A000000228228&dispCatNo=100000100010016&t_page=카테고리관&t_click=로션_전체__상품상세&t_number=8,https://image.oliveyoung.co.kr/cfimages/cf-goods/uploads/images/thumbnails/10/0000/0022/A00000022822825ko.jpg?l=ko&QT=85&SF=webp&sharpen=1x0.5
로션,우르오스,[베스트 올인원]우르오스 올인원 200ml 2종 택 1,23200,https://www.oliveyoung.co.kr/store/goods/getGoodsDetail.do?goodsNo=A000000117541&dispCatNo=100000100010016&t_page=카테고리관&t_click=로션_전체__상품상세&t_number=9,https://image.oliveyoung.co.kr/cfimages/cf-goods/uploads/images/thumbnails/10/0000/0011/A00000011754136ko.jpg?l=ko&QT=85&SF=webp&sharpen=1x0.5
로션,제로이드,제로이드 수딩 로션 160ml,30000,https://www.oliveyoung.co.kr/store/goods/getGoodsDetail.do?goodsNo=A000000209904&dispCatNo=100000100010016&t_page=카테고리관&t_click=로션_전체__상품상세&t_number=10,https://image.oliveyoung.co.kr/cfimages/cf-goods/uploads/images/thumbnails/10/0000/0020/A00000020990408ko.jpg?l=ko&QT=85&SF=webp&sharpen=1x0.5
로션,닥터지,[리뉴얼/트러블/면도후] 닥터지 레드 블레미쉬 포 맨 진정 올인원 150ml 2종 (단품/증정 기획),22500,https://www.oliveyoung.co.kr/store/goods/getGoodsDetail.do?goodsNo=A000000223781&dispCatNo=100000100010016&t_page=카테고리관&t_click=로션_전체__상품상세&t_number=11,https://image.oliveyoung.co.kr/cfimages/cf-goods/uploads/images/thumbnails/10/0000/0022/A00000022378112ko.jpg?l=ko&QT=85&SF=webp&sharpen=1x0.5
로션,라운드랩,[저자극] 라운드랩 1025 독도 로션 200ml 기획 (+50ml),17900,https://www.oliveyoung.co.kr/store/goods/getGoodsDetail.do?goodsNo=A000000145576&dispCatNo=100000100010016&t_page=카테고리관&t_click=로션_전체__상품상세&t_number=12,https://image.oliveyoung.co.kr/cfimages/cf-goods/uploads/images/thumbnails/10/0000/0014/A00000014557626ko.jpg?l=ko&QT=85&SF=webp&sharpen=1x0.5
로션,아벤느,[장벽/보습]아벤느 트릭세라 뉴트리-플루이드 로션 200ml 더블 기획 *윤광 *광채 크림,35900,https://www.oliveyoung.co.kr/store/goods/getGoodsDetail.do?goodsNo=A000000206934&dispCatNo=100000100010016&t_page=카테고리관&t_click=로션_전체__상품상세&t_number=13,https://image.oliveyoung.co.kr/cfimages/cf-goods/uploads/images/thumbnails/10/0000/0020/A00000020693405ko.jpg?l=ko&QT=85&SF=webp&sharpen=1x0.5
로션,라운드랩,[수분진정] 라운드랩 포 맨 자작나무 수분 로션 200ml,17010,https://www.oliveyoung.co.kr/store/goods/getGoodsDetail.do?goodsNo=A000000163494&dispCatNo=100000100010016&t_page=카테고리관&t_click=로션_전체__상품상세&t_number=14,https://image.oliveyoung.co.kr/cfimages/cf-goods/uploads/images/thumbnails/10/0000/0016/A00000016349420ko.jpg?l=ko&QT=85&SF=webp&sharpen=1x0.5
로션,헤슬,헤슬 쏙보습 쌀 로션 150ml,20300,https://www.oliveyoung.co.kr/store/goods/getGoodsDetail.do?goodsNo=A000000237000&dispCatNo=100000100010016&t_page=카테고리관&t_click=로션_전체__상품상세&t_number=15,https://image.oliveyoung.co.kr/cfimages/cf-goods/uploads/images/thumbnails/10/0000/0023/A00000023700003ko.jpg?l=ko&QT=85&SF=webp&sharpen=1x0.5
로션,아이오페,아이오페 맨 프로 레티놀 올인원 120ml 기획 (+30ml),22500,https://www.oliveyoung.co.kr/store/goods/getGoodsDetail.do?goodsNo=A000000199270&dispCatNo=100000100010016&t_page=카테고리관&t_click=로션_전체__상품상세&t_number=16,https://image.oliveyoung.co.kr/cfimages/cf-goods/uploads/images/thumbnails/10/0000/0019/A00000019927019ko.jpg?l=ko&QT=85&SF=webp&sharpen=1x0.5
로션,라끄베르,라끄베르 옴므 리차지 올인원 에센스 150ml 1+1 기획,19920,https://www.oliveyoung.co.kr/store/goods/getGoodsDetail.do?goodsNo=A000000203992&dispCatNo=100000100010016&t_page=카테고리관&t_click=로션_전체__상품상세&t_number=17,https://image.oliveyoung.co.kr/cfimages/cf-goods/uploads/images/thumbnails/10/0000/0020/A00000020399203ko.jpg?l=ko&QT=85&SF=webp&sharpen=1x0.5
로션,우르오스,우르오스 올인원 스킨밀크 200ml,23200,https://www.oliveyoung.co.kr/store/goods/getGoodsDetail.do?goodsNo=A000000006565&dispCatNo=100000100010016&t_page=카테고리관&t_click=로션_전체__상품상세&t_number=18,https://image.oliveyoung.co.kr/cfimages/cf-goods/uploads/images/thumbnails/10/0000/0000/A00000000656515ko.jpg?l=ko&QT=85&SF=webp&sharpen=1x0.5
로션,토리든,[단독기획]토리든 다이브인 포맨 저분자 히알루론산 올인원 200g 단품/기획 (+올인원 20g),16890,https://www.oliveyoung.co.kr/store/goods/getGoodsDetail.do?goodsNo=A000000207111&dispCatNo=100000100010016&t_page=카테고리관&t_click=로션_전체__상품상세&t_number=19,https://image.oliveyoung.co.kr/cfimages/cf-goods/uploads/images/thumbnails/10/0000/0020/A00000020711136ko.png?l=ko&QT=100&SF=webp&sharpen=1x0.5
로션,오브제,오브제 포어 제로 프레쉬 올인원 150ml 단품/기획 2종 택1,28000,https://www.oliveyoung.co.kr/store/goods/getGoodsDetail.do?goodsNo=A000000230537&dispCatNo=100000100010016&t_page=카테고리관&t_click=로션_전체__상품상세&t_number=20,https://image.oliveyoung.co.kr/cfimages/cf-goods/uploads/images/thumbnails/10/0000/0023/A00000023053703ko.jpg?l=ko&QT=85&SF=webp&sharpen=1x0.5
로션,비오템,"비오템 옴므 아쿠아파워 올인원 기획 / 단품 (+올인원20ml,클렌저 40ml)",42000,https://www.oliveyoung.co.kr/store/goods/getGoodsDetail.do?goodsNo=A000000137488&dispCatNo=100000100010016&t_page=카테고리관&t_click=로션_전체__상품상세&t_number=21,https://image.oliveyoung.co.kr/cfimages/cf-goods/uploads/images/thumbnails/10/0000/0013/A00000013748834ko.jpg?l=ko&QT=85&SF=webp&sharpen=1x0.5
로션,아이디얼포맨,[김혜성PICK/개기름박멸]아이디얼포맨 프레시 올인원 150ml 1+1 기획,14900,https://www.oliveyoung.co.kr/store/goods/getGoodsDetail.do?goodsNo=A000000225943&dispCatNo=100000100010016&t_page=카테고리관&t_click=로션_전체__상품상세&t_number=22,https://image.oliveyoung.co.kr/cfimages/cf-goods/uploads/images/thumbnails/10/0000/0022/A00000022594323ko.jpg?l=ko&QT=85&SF=webp&sharpen=1x0.5
로션,비오템,비오템옴므 아쿠아파워 어드밴스드 젤 PRO 100ml,73600,https://www.oliveyoung.co.kr/store/goods/getGoodsDetail.do?goodsNo=A000000215009&dispCatNo=100000100010016&t_page=카테고리관&t_click=로션_전체__상품상세&t_number=23,https://image.oliveyoung.co.kr/cfimages/cf-goods/uploads/images/thumbnails/10/0000/0021/A00000021500914ko.jpg?l=ko&QT=85&SF=webp&sharpen=1x0.5
로션,포맨트,포맨트 시그니처 올인원 에센스 모이스처 플러스 150ml,23200,https://www.oliveyoung.co.kr/store/goods/getGoodsDetail.do?goodsNo=A000000155995&dispCatNo=100000100010016&t_page=카테고리관&t_click=로션_전체__상품상세&t_number=24,https://image.oliveyoung.co.kr/cfimages/cf-goods/uploads/images/thumbnails/10/0000/0015/A00000015599507ko.jpg?l=ko&QT=85&SF=webp&sharpen=1x0.5
로션,설화수,설화수 자음유액EX 125ml,70200,https://www.oliveyoung.co.kr/store/goods/getGoodsDetail.do?goodsNo=A000000221831&dispCatNo=100000100010016&t_page=카테고리관&t_click=로션_전체__상품상세&t_number=25,https://image.oliveyoung.co.kr/cfimages/cf-goods/uploads/images/thumbnails/10/0000/0022/A00000022183101ko.jpg?l=ko&QT=85&SF=webp&sharpen=1x0.5
로션,한율,[시카보다 4배*강한] 한율 어린쑥 수분진정 플루이드 125ml,25600,https://www.oliveyoung.co.kr/store/goods/getGoodsDetail.do?goodsNo=A000000183744&dispCatNo=100000100010016&t_page=카테고리관&t_click=로션_전체__상품상세&t_number=26,https://image.oliveyoung.co.kr/cfimages/cf-goods/uploads/images/thumbnails/10/0000/0018/A00000018374410ko.jpg?l=ko&QT=85&SF=webp&sharpen=1x0.5
로션,에스트라,에스트라 아토베리어365 로션 150ml,24700,https://www.oliveyoung.co.kr/store/goods/getGoodsDetail.do?goodsNo=A000000198321&dispCatNo=100000100010016&t_page=카테고리관&t_click=로션_전체__상품상세&t_number=27,https://image.oliveyoung.co.kr/cfimages/cf-goods/uploads/images/thumbnails/10/0000/0019/A00000019832102ko.jpg?l=ko&QT=85&SF=webp&sharpen=1x0.5
로션,라운드랩,[지성피부/유분케어] 라운드랩 포 맨 1025 독도 올인원 젤로션 200ml,17010,https://www.oliveyoung.co.kr/store/goods/getGoodsDetail.do?goodsNo=A000000197722&dispCatNo=100000100010016&t_page=카테고리관&t_click=로션_전체__상품상세&t_number=28,https://image.oliveyoung.co.kr/cfimages/cf-goods/uploads/images/thumbnails/10/0000/0019/A00000019772204ko.jpg?l=ko&QT=85&SF=webp&sharpen=1x0.5
로션,달바,[미백/잡티케어] 달바 비타 토닝 세럼 로션 100ml,29900,https://www.oliveyoung.co.kr/store/goods/getGoodsDetail.do?goodsNo=A000000223427&dispCatNo=100000100010016&t_page=카테고리관&t_click=로션_전체__상품상세&t_number=29,https://image.oliveyoung.co.kr/cfimages/cf-goods/uploads/images/thumbnails/10/0000/0022/A00000022342714ko.png?l=ko&QT=100&SF=webp&sharpen=1x0.5
로션,아렌시아,[NEW 화잘먹 피부 밀착 로션] 아렌시아 레드 스무디 로션 5 200ml,23400,https://www.oliveyoung.co.kr/store/goods/getGoodsDetail.do?goodsNo=A000000233577&dispCatNo=100000100010016&t_page=카테고리관&t_click=로션_전체__상품상세&t_number=30,https://image.oliveyoung.co.kr/cfimages/cf-goods/uploads/images/thumbnails/10/0000/0023/A00000023357702ko.jpg?l=ko&QT=85&SF=webp&sharpen=1x0.5
로션,포맨트,포맨트 시그니처 올인원 에센스 96ml,23100,https://www.oliveyoung.co.kr/store/goods/getGoodsDetail.do?goodsNo=A000000155994&dispCatNo=100000100010016&t_page=카테고리관&t_click=로션_전체__상품상세&t_number=31,https://image.oliveyoung.co.kr/cfimages/cf-goods/uploads/images/thumbnails/10/0000/0015/A00000015599406ko.jpg?l=ko&QT=85&SF=webp&sharpen=1x0.5
로션,브링그린,[보들보들보들로션/속건조] 브링그린 블루빈 B5-PDRN 마일드 로션 230ml (+블루빈크림 7ml),15800,https://www.oliveyoung.co.kr/store/goods/getGoodsDetail.do?goodsNo=A000000234380&dispCatNo=100000100010016&t_page=카테고리관&t_click=로션_전체__상품상세&t_number=32,https://image.oliveyoung.co.kr/cfimages/cf-goods/uploads/images/thumbnails/10/0000/0023/A00000023438019ko.jpg?l=ko&QT=85&SF=webp&sharpen=1x0.5
로션,아누아,아누아 어성초 70 데일리 로션 200ml,28000,https://www.oliveyoung.co.kr/store/goods/getGoodsDetail.do?goodsNo=A000000211140&dispCatNo=100000100010016&t_page=카테고리관&t_click=로션_전체__상품상세&t_number=33,https://image.oliveyoung.co.kr/cfimages/cf-goods/uploads/images/thumbnails/10/0000/0021/A00000021114002ko.jpg?l=ko&QT=85&SF=webp&sharpen=1x0.5
로션,미닉,[문장군 공동개발] 미닉 퍼펙트 콜라드 그린 진정 올인원 200ml,21900,https://www.oliveyoung.co.kr/store/goods/getGoodsDetail.do?goodsNo=A000000223673&dispCatNo=100000100010016&t_page=카테고리관&t_click=로션_전체__상품상세&t_number=34,https://image.oliveyoung.co.kr/cfimages/cf-goods/uploads/images/thumbnails/10/0000/0022/A00000022367303ko.jpg?l=ko&QT=85&SF=webp&sharpen=1x0.5
로션,토리든,[1+1/단독기획] 토리든 다이브인 포맨 저분자 히알루론산 올인원 200g 더블 기획,27800,https://www.oliveyoung.co.kr/store/goods/getGoodsDetail.do?goodsNo=A000000230522&dispCatNo=100000100010016&t_page=카테고리관&t_click=로션_전체__상품상세&t_number=35,https://image.oliveyoung.co.kr/cfimages/cf-goods/uploads/images/thumbnails/10/0000/0023/A00000023052206ko.jpg?l=ko&QT=85&SF=webp&sharpen=1x0.5
로션,토리든,[올인원 1위] 토리든 밸런스풀 포맨 시카 프레쉬 올인원 200g 기획/단품(+올인원 20g),17670,https://www.oliveyoung.co.kr/store/goods/getGoodsDetail.do?goodsNo=A000000228952&dispCatNo=100000100010016&t_page=카테고리관&t_click=로션_전체__상품상세&t_number=36,https://image.oliveyoung.co.kr/cfimages/cf-goods/uploads/images/thumbnails/10/0000/0022/A00000022895215ko.jpg?l=ko&QT=85&SF=webp&sharpen=1x0.5
로션,닥터지,[속보습/수분로션] 닥터지 더모이스처 배리어 D 로션 300ml 기획 (+멀티밤 1g),25900,https://www.oliveyoung.co.kr/store/goods/getGoodsDetail.do?goodsNo=A000000198539&dispCatNo=100000100010016&t_page=카테고리관&t_click=로션_전체__상품상세&t_number=37,https://image.oliveyoung.co.kr/cfimages/cf-goods/uploads/images/thumbnails/10/0000/0019/A00000019853910ko.jpg?l=ko&QT=85&SF=webp&sharpen=1x0.5
로션,라운드랩,[민감진정/화해1위] 라운드랩 포 맨 소나무 진정 시카 로션 200ml,17600,https://www.oliveyoung.co.kr/store/goods/getGoodsDetail.do?goodsNo=A000000199154&dispCatNo=100000100010016&t_page=카테고리관&t_click=로션_전체__상품상세&t_number=38,https://image.oliveyoung.co.kr/cfimages/cf-goods/uploads/images/thumbnails/10/0000/0019/A00000019915407ko.jpg?l=ko&QT=85&SF=webp&sharpen=1x0.5
로션,랑콤,랑콤 제니피끄 얼티미트 로션 150ml,84000,https://www.oliveyoung.co.kr/store/goods/getGoodsDetail.do?goodsNo=A000000232954&dispCatNo=100000100010016&t_page=카테고리관&t_click=로션_전체__상품상세&t_number=39,https://image.oliveyoung.co.kr/cfimages/cf-goods/uploads/images/thumbnails/10/0000/0023/A00000023295404ko.jpg?l=ko&QT=85&SF=webp&sharpen=1x0.5
로션,라운드랩,[저자극/대용량] 라운드랩 1025 독도 로션 400ml,39000,https://www.oliveyoung.co.kr/store/goods/getGoodsDetail.do?goodsNo=A000000161508&dispCatNo=100000100010016&t_page=카테고리관&t_click=로션_전체__상품상세&t_number=40,https://image.oliveyoung.co.kr/cfimages/cf-goods/uploads/images/thumbnails/10/0000/0016/A00000016150812ko.jpg?l=ko&QT=85&SF=webp&sharpen=1x0.5
로션,오브제,[NEW]오브제 포어 제로 오일 컨트롤 로션 70ml,23000,https://www.oliveyoung.co.kr/store/goods/getGoodsDetail.do?goodsNo=A000000212251&dispCatNo=100000100010016&t_page=카테고리관&t_click=로션_전체__상품상세&t_number=41,https://image.oliveyoung.co.kr/cfimages/cf-goods/uploads/images/thumbnails/10/0000/0021/A00000021225107ko.jpg?l=ko&QT=85&SF=webp&sharpen=1x0.5
로션,라네즈,라네즈옴므 블루에너지 에센스인로션 125ml,22400,https://www.oliveyoung.co.kr/store/goods/getGoodsDetail.do?goodsNo=A000000143196&dispCatNo=100000100010016&t_page=카테고리관&t_click=로션_전체__상품상세&t_number=42,https://image.oliveyoung.co.kr/cfimages/cf-goods/uploads/images/thumbnails/10/0000/0014/A00000014319611ko.jpg?l=ko&QT=85&SF=webp&sharpen=1x0.5
로션,피지오겔,피지오겔 DMT 데일리보습 로션 200ml,20900,https://www.oliveyoung.co.kr/store/goods/getGoodsDetail.do?goodsNo=A000000012809&dispCatNo=100000100010016&t_page=카테고리관&t_click=로션_전체__상품상세&t_number=43,https://image.oliveyoung.co.kr/cfimages/cf-goods/uploads/images/thumbnails/10/0000/0001/A00000001280909ko.jpg?l=ko&QT=85&SF=webp&sharpen=1x0.5
로션,라끄베르,라끄베르 옴므 리차지 시카 올인원 에센스 150ml 기획 (+30ml 증정),19900,https://www.oliveyoung.co.kr/store/goods/getGoodsDetail.do?goodsNo=A000000144618&dispCatNo=100000100010016&t_page=카테고리관&t_click=로션_전체__상품상세&t_number=44,https://image.oliveyoung.co.kr/cfimages/cf-goods/uploads/images/thumbnails/10/0000/0014/A00000014461803ko.jpg?l=ko&QT=85&SF=webp&sharpen=1x0.5
로션,닥터지,[리뉴얼/펩타이드/속보습] 닥터지 레드 블레미쉬 포 맨 탄력 올인원 2종 택 1 (단품/증정 기획),19200,https://www.oliveyoung.co.kr/store/goods/getGoodsDetail.do?goodsNo=A000000223782&dispCatNo=100000100010016&t_page=카테고리관&t_click=로션_전체__상품상세&t_number=45,https://image.oliveyoung.co.kr/cfimages/cf-goods/uploads/images/thumbnails/10/0000/0022/A00000022378201ko.jpg?l=ko&QT=85&SF=webp&sharpen=1x0.5
로션,플리프,플리프 시카-알로에 카밍 올인원 로션 (200ml+50ml),18800,https://www.oliveyoung.co.kr/store/goods/getGoodsDetail.do?goodsNo=A000000145840&dispCatNo=100000100010016&t_page=카테고리관&t_click=로션_전체__상품상세&t_number=46,https://image.oliveyoung.co.kr/cfimages/cf-goods/uploads/images/thumbnails/10/0000/0014/A00000014584013ko.jpg?l=ko&QT=85&SF=webp&sharpen=1x0.5
로션,마몽드,[보습장벽] 마몽드 프로바이오틱스 세라마이드 에멀젼 150ml,18750,https://www.oliveyoung.co.kr/store/goods/getGoodsDetail.do?goodsNo=A000000216470&dispCatNo=100000100010016&t_page=카테고리관&t_click=로션_전체__상품상세&t_number=47,https://image.oliveyoung.co.kr/cfimages/cf-goods/uploads/images/thumbnails/10/0000/0021/A00000021647005ko.jpg?l=ko&QT=85&SF=webp&sharpen=1x0.5
로션,디오디너리,[차세대레티놀] 디오디너리 그랜액티브 레티노이드 2% 에멀전 30ml,18400,https://www.oliveyoung.co.kr/store/goods/getGoodsDetail.do?goodsNo=A000000148729&dispCatNo=100000100010016&t_page=카테고리관&t_click=로션_전체__상품상세&t_number=48,https://image.oliveyoung.co.kr/cfimages/cf-goods/uploads/images/thumbnails/10/0000/0014/A00000014872904ko.jpg?l=ko&QT=85&SF=webp&sharpen=1x0.5
로션,크리니크,크리니크 드라마티컬리 디퍼런트 모이스춰라이징 젤 125ml,58000,https://www.oliveyoung.co.kr/store/goods/getGoodsDetail.do?goodsNo=A000000104176&dispCatNo=100000100010016&t_page=카테고리관&t_click=로션_전체__상품상세&t_number=49,https://image.oliveyoung.co.kr/cfimages/cf-goods/uploads/images/thumbnails/10/0000/0010/A00000010417614ko.jpg?l=ko&QT=85&SF=webp&sharpen=1x0.5
로션,아이오페,아이오페 맨 안티에이징 에멀젼EX 120ml,25200,https://www.oliveyoung.co.kr/store/goods/getGoodsDetail.do?goodsNo=A000000184664&dispCatNo=100000100010016&t_page=카테고리관&t_click=로션_전체__상품상세&t_number=50,https://image.oliveyoung.co.kr/cfimages/cf-goods/uploads/images/thumbnails/10/0000/0018/A00000018466408ko.png?l=ko&QT=100&SF=webp&sharpen=1x0.5
로션,AHC,[수분탄력] AHC 온리포맨 올인원 에센스 더블 기획 (120ml+120ml),24800,https://www.oliveyoung.co.kr/store/goods/getGoodsDetail.do?goodsNo=A000000149211&dispCatNo=100000100010016&t_page=카테고리관&t_click=로션_전체__상품상세&t_number=51,https://image.oliveyoung.co.kr/cfimages/cf-goods/uploads/images/thumbnails/10/0000/0014/A00000014921116ko.jpg?l=ko&QT=85&SF=webp&sharpen=1x0.5
로션,빌리프,빌리프 맨올로지101 스마트 모이스춰 익스트림 100ml,43200,https://www.oliveyoung.co.kr/store/goods/getGoodsDetail.do?goodsNo=A000000187243&dispCatNo=100000100010016&t_page=카테고리관&t_click=로션_전체__상품상세&t_number=52,https://image.oliveyoung.co.kr/cfimages/cf-goods/uploads/images/thumbnails/10/0000/0018/A00000018724307ko.jpg?l=ko&QT=85&SF=webp&sharpen=1x0.5
로션,빌리프,[NEW 올인원] 빌리프 맨올로지 히알루론 리차저 올인원 100ml,43200,https://www.oliveyoung.co.kr/store/goods/getGoodsDetail.do?goodsNo=A000000232988&dispCatNo=100000100010016&t_page=카테고리관&t_click=로션_전체__상품상세&t_number=53,https://image.oliveyoung.co.kr/cfimages/cf-goods/uploads/images/thumbnails/10/0000/0023/A00000023298808ko.jpg?l=ko&QT=85&SF=webp&sharpen=1x0.5
로션,우르오스,우르오스 올인원 스킨컨디셔너 60g,20000,https://www.oliveyoung.co.kr/store/goods/getGoodsDetail.do?goodsNo=A000000015971&dispCatNo=100000100010016&t_page=카테고리관&t_click=로션_전체__상품상세&t_number=54,https://image.oliveyoung.co.kr/cfimages/cf-goods/uploads/images/thumbnails/10/0000/0001/A00000001597114ko.jpg?l=ko&QT=85&SF=webp&sharpen=1x0.5
로션,라네즈,라네즈옴므 크림스킨 옴므 올인원 150ml 기획 (+25+25ml),19600,https://www.oliveyoung.co.kr/store/goods/getGoodsDetail.do?goodsNo=A000000170034&dispCatNo=100000100010016&t_page=카테고리관&t_click=로션_전체__상품상세&t_number=55,https://image.oliveyoung.co.kr/cfimages/cf-goods/uploads/images/thumbnails/10/0000/0017/A00000017003418ko.jpg?l=ko&QT=85&SF=webp&sharpen=1x0.5
로션,닥터지,[개기름/지성] 닥터지 레드 블레미쉬 포 맨 올인원 오일컷 로션 150ml 3종 (단품/증정 기획),19100,https://www.oliveyoung.co.kr/store/goods/getGoodsDetail.do?goodsNo=A000000182277&dispCatNo=100000100010016&t_page=카테고리관&t_click=로션_전체__상품상세&t_number=56,https://image.oliveyoung.co.kr/cfimages/cf-goods/uploads/images/thumbnails/10/0000/0018/A00000018227705ko.jpg?l=ko&QT=85&SF=webp&sharpen=1x0.5
로션,로레알맨,로레알파리 맨 이드라파워 수분 올인원 50ml 단품/기획 택 1,18900,https://www.oliveyoung.co.kr/store/goods/getGoodsDetail.do?goodsNo=A000000209130&dispCatNo=100000100010016&t_page=카테고리관&t_click=로션_전체__상품상세&t_number=57,https://image.oliveyoung.co.kr/cfimages/cf-goods/uploads/images/thumbnails/10/0000/0020/A00000020913008ko.jpg?l=ko&QT=85&SF=webp&sharpen=1x0.5
로션,비욘드,비욘드 엔젤아쿠아 보습 장벽 로션 200ml,18400,https://www.oliveyoung.co.kr/store/goods/getGoodsDetail.do?goodsNo=A000000203855&dispCatNo=100000100010016&t_page=카테고리관&t_click=로션_전체__상품상세&t_number=58,https://image.oliveyoung.co.kr/cfimages/cf-goods/uploads/images/thumbnails/10/0000/0020/A00000020385503ko.jpg?l=ko&QT=85&SF=webp&sharpen=1x0.5
로션,유세린,[미백잡티] 유세린 이븐래디언스 모이스처라이저 50ml,38000,https://www.oliveyoung.co.kr/store/goods/getGoodsDetail.do?goodsNo=A000000170690&dispCatNo=100000100010016&t_page=카테고리관&t_click=로션_전체__상품상세&t_number=59,https://image.oliveyoung.co.kr/cfimages/cf-goods/uploads/images/thumbnails/10/0000/0017/A00000017069018ko.jpg?l=ko&QT=85&SF=webp&sharpen=1x0.5
로션,한율,한율 빨간쌀 보습탄력 에멀젼 125ml,36500,https://www.oliveyoung.co.kr/store/goods/getGoodsDetail.do?goodsNo=A000000188948&dispCatNo=100000100010016&t_page=카테고리관&t_click=로션_전체__상품상세&t_number=60,https://image.oliveyoung.co.kr/cfimages/cf-goods/uploads/images/thumbnails/10/0000/0018/A00000018894804ko.jpg?l=ko&QT=85&SF=webp&sharpen=1x0.5
로션,라운드랩,[건성피부/보습케어] 라운드랩 포 맨 1025 독도 올인원 플루이드 200ml,17010,https://www.oliveyoung.co.kr/store/goods/getGoodsDetail.do?goodsNo=A000000183230&dispCatNo=100000100010016&t_page=카테고리관&t_click=로션_전체__상품상세&t_number=61,https://image.oliveyoung.co.kr/cfimages/cf-goods/uploads/images/thumbnails/10/0000/0018/A00000018323001ko.jpg?l=ko&QT=85&SF=webp&sharpen=1x0.5
로션,아이디얼포맨,[김혜성PICK/자외선차단] 아이디얼포맨 선 올인원 140ml,16800,https://www.oliveyoung.co.kr/store/goods/getGoodsDetail.do?goodsNo=A000000222772&dispCatNo=100000100010016&t_page=카테고리관&t_click=로션_전체__상품상세&t_number=62,https://image.oliveyoung.co.kr/cfimages/cf-goods/uploads/images/thumbnails/10/0000/0022/A00000022277219ko.jpg?l=ko&QT=85&SF=webp&sharpen=1x0.5
로션,코스노리,[NEW/화잘먹/찰떡로션] 코스노리 판테놀 베리어 에멀전 150ml,16800,https://www.oliveyoung.co.kr/store/goods/getGoodsDetail.do?goodsNo=A000000237493&dispCatNo=100000100010016&t_page=카테고리관&t_click=로션_전체__상품상세&t_number=63,https://image.oliveyoung.co.kr/cfimages/cf-goods/uploads/images/thumbnails/10/0000/0023/A00000023749312ko.jpg?l=ko&QT=85&SF=webp&sharpen=1x0.5
로션,포엘리에,[여드름/진정케어] 포엘리에 옴므 병풀잎수 66.86% 시카 로션 145ml,15900,https://www.oliveyoung.co.kr/store/goods/getGoodsDetail.do?goodsNo=A000000208029&dispCatNo=100000100010016&t_page=카테고리관&t_click=로션_전체__상품상세&t_number=64,https://image.oliveyoung.co.kr/cfimages/cf-goods/uploads/images/thumbnails/10/0000/0020/A00000020802915ko.jpg?l=ko&QT=85&SF=webp&sharpen=1x0.5
로션,라운드랩,[민감피부/저자극] 라운드랩 포 맨 1025 독도 올인원 플루이드 200ml+200ml,31500,https://www.oliveyoung.co.kr/store/goods/getGoodsDetail.do?goodsNo=A000000183229&dispCatNo=100000100010016&t_page=카테고리관&t_click=로션_전체__상품상세&t_number=65,https://image.oliveyoung.co.kr/cfimages/cf-goods/uploads/images/thumbnails/10/0000/0018/A00000018322904ko.jpg?l=ko&QT=85&SF=webp&sharpen=1x0.5
로션,라운드랩,[지성피부/유분케어] 라운드랩 포 맨 1025 독도 올인원 젤 로션 200ml+200ml,31500,https://www.oliveyoung.co.kr/store/goods/getGoodsDetail.do?goodsNo=A000000197739&dispCatNo=100000100010016&t_page=카테고리관&t_click=로션_전체__상품상세&t_number=66,https://image.oliveyoung.co.kr/cfimages/cf-goods/uploads/images/thumbnails/10/0000/0019/A00000019773904ko.jpg?l=ko&QT=85&SF=webp&sharpen=1x0.5
로션,라네즈,라네즈 워터뱅크 블루히알루로닉 에멀젼(중건성) 120ml,28800,https://www.oliveyoung.co.kr/store/goods/getGoodsDetail.do?goodsNo=A000000162054&dispCatNo=100000100010016&t_page=카테고리관&t_click=로션_전체__상품상세&t_number=67,https://image.oliveyoung.co.kr/cfimages/cf-goods/uploads/images/thumbnails/10/0000/0016/A00000016205404ko.jpg?l=ko&QT=85&SF=webp&sharpen=1x0.5
로션,아이오페,아이오페 맨 올데이 퍼펙트 톤업 올인원 120ml,28500,https://www.oliveyoung.co.kr/store/goods/getGoodsDetail.do?goodsNo=A000000191179&dispCatNo=100000100010016&t_page=카테고리관&t_click=로션_전체__상품상세&t_number=68,https://image.oliveyoung.co.kr/cfimages/cf-goods/uploads/images/thumbnails/10/0000/0019/A00000019117909ko.jpg?l=ko&QT=85&SF=webp&sharpen=1x0.5
로션,아이오페,아이오페 맨 올데이 퍼펙트 톤업 올인원 120ml 기획(+30ml),28500,https://www.oliveyoung.co.kr/store/goods/getGoodsDetail.do?goodsNo=A000000206008&dispCatNo=100000100010016&t_page=카테고리관&t_click=로션_전체__상품상세&t_number=69,https://image.oliveyoung.co.kr/cfimages/cf-goods/uploads/images/thumbnails/10/0000/0020/A00000020600809ko.jpg?l=ko&QT=85&SF=webp&sharpen=1x0.5
로션,아크네스,[피지저격/진정케어] 아크네스 포맨 퍼펙트 올인원 크림 200ml,28000,https://www.oliveyoung.co.kr/store/goods/getGoodsDetail.do?goodsNo=A000000166822&dispCatNo=100000100010016&t_page=카테고리관&t_click=로션_전체__상품상세&t_number=70,https://image.oliveyoung.co.kr/cfimages/cf-goods/uploads/images/thumbnails/10/0000/0016/A00000016682205ko.jpg?l=ko&QT=85&SF=webp&sharpen=1x0.5
로션,아이디얼포맨,아이디얼포맨 퍼펙트 올인원 올케어 스페셜 기획,27800,https://www.oliveyoung.co.kr/store/goods/getGoodsDetail.do?goodsNo=A000000232971&dispCatNo=100000100010016&t_page=카테고리관&t_click=로션_전체__상품상세&t_number=71,https://image.oliveyoung.co.kr/cfimages/cf-goods/uploads/images/thumbnails/10/0000/0023/A00000023297102ko.jpg?l=ko&QT=85&SF=webp&sharpen=1x0.5
로션,아이소이,[톤업/민감성] 아이소이 포맨 블레미쉬 케어 올인원 100ml 기획 (+잡티 올인원 15ml),25200,https://www.oliveyoung.co.kr/store/goods/getGoodsDetail.do?goodsNo=A000000198947&dispCatNo=100000100010016&t_page=카테고리관&t_click=로션_전체__상품상세&t_number=72,https://image.oliveyoung.co.kr/cfimages/cf-goods/uploads/images/thumbnails/10/0000/0019/A00000019894702ko.jpg?l=ko&QT=85&SF=webp&sharpen=1x0.5
로션,피지오겔,피지오겔 아쿠아 포맨 오일컷 올인원 100ml (단품/기획),24900,https://www.oliveyoung.co.kr/store/goods/getGoodsDetail.do?goodsNo=A000000223483&dispCatNo=100000100010016&t_page=카테고리관&t_click=로션_전체__상품상세&t_number=73,https://image.oliveyoung.co.kr/cfimages/cf-goods/uploads/images/thumbnails/10/0000/0022/A00000022348332ko.jpg?l=ko&QT=85&SF=webp&sharpen=1x0.5
로션,AHC,[산뜻보송]  AHC 온리포맨 포어 프레쉬 올인원에센스 더블 기획 (120ml+120ml),24800,https://www.oliveyoung.co.kr/store/goods/getGoodsDetail.do?goodsNo=A000000149214&dispCatNo=100000100010016&t_page=카테고리관&t_click=로션_전체__상품상세&t_number=74,https://image.oliveyoung.co.kr/cfimages/cf-goods/uploads/images/thumbnails/10/0000/0014/A00000014921413ko.jpg?l=ko&QT=85&SF=webp&sharpen=1x0.5
로션,아이소이,[개기름/여름로션] 아이소이 포맨 아크니 닥터 올인원 100ml 기획 (+진정 올인원 15ml),24700,https://www.oliveyoung.co.kr/store/goods/getGoodsDetail.do?goodsNo=A000000195679&dispCatNo=100000100010016&t_page=카테고리관&t_click=로션_전체__상품상세&t_number=75,https://image.oliveyoung.co.kr/cfimages/cf-goods/uploads/images/thumbnails/10/0000/0019/A00000019567903ko.jpg?l=ko&QT=85&SF=webp&sharpen=1x0.5
로션,우르오스,우르오스 올인원 스킨로션 200ml,23200,https://www.oliveyoung.co.kr/store/goods/getGoodsDetail.do?goodsNo=A000000006564&dispCatNo=100000100010016&t_page=카테고리관&t_click=로션_전체__상품상세&t_number=76,https://image.oliveyoung.co.kr/cfimages/cf-goods/uploads/images/thumbnails/10/0000/0000/A00000000656415ko.jpg?l=ko&QT=85&SF=webp&sharpen=1x0.5
로션,바이오힐보,[탄력에멀전] 바이오힐 보 프로바이오덤 3D 리프팅 에멀전 150ml,23000,https://www.oliveyoung.co.kr/store/goods/getGoodsDetail.do?goodsNo=A000000203247&dispCatNo=100000100010016&t_page=카테고리관&t_click=로션_전체__상품상세&t_number=77,https://image.oliveyoung.co.kr/cfimages/cf-goods/uploads/images/thumbnails/10/0000/0020/A00000020324706ko.jpg?l=ko&QT=85&SF=webp&sharpen=1x0.5
로션,메이크프렘,[쿨링진정]메이크프렘 인테카 포맨 수딩 올인원 200ml,20400,https://www.oliveyoung.co.kr/store/goods/getGoodsDetail.do?goodsNo=A000000219845&dispCatNo=100000100010016&t_page=카테고리관&t_click=로션_전체__상품상세&t_number=78,https://image.oliveyoung.co.kr/cfimages/cf-goods/uploads/images/thumbnails/10/0000/0021/A00000021984519ko.jpg?l=ko&QT=85&SF=webp&sharpen=1x0.5
로션,라끄베르,라끄베르 옴므 리차지 올인원 에센스 150ml 기획 (+30ml 증정),19920,https://www.oliveyoung.co.kr/store/goods/getGoodsDetail.do?goodsNo=A000000165551&dispCatNo=100000100010016&t_page=카테고리관&t_click=로션_전체__상품상세&t_number=79,https://image.oliveyoung.co.kr/cfimages/cf-goods/uploads/images/thumbnails/10/0000/0016/A00000016555103ko.jpg?l=ko&QT=85&SF=webp&sharpen=1x0.5
로션,이니스프리,[NEW/2종추가증정] 이니스프리 포레스트포맨 올인원 에센스 100ml 기획(+에센스 25ml+폼30g),19900,https://www.oliveyoung.co.kr/store/goods/getGoodsDetail.do?goodsNo=A000000230762&dispCatNo=100000100010016&t_page=카테고리관&t_click=로션_전체__상품상세&t_number=80,https://image.oliveyoung.co.kr/cfimages/cf-goods/uploads/images/thumbnails/10/0000/0023/A00000023076214ko.jpg?l=ko&QT=85&SF=webp&sharpen=1x0.5
로션,미닉,[나카플로 공동개발] 미닉 노세범 블루 캐모마일 수분 젤 로션 80ml,19900,https://www.oliveyoung.co.kr/store/goods/getGoodsDetail.do?goodsNo=A000000233004&dispCatNo=100000100010016&t_page=카테고리관&t_click=로션_전체__상품상세&t_number=81,https://image.oliveyoung.co.kr/cfimages/cf-goods/uploads/images/thumbnails/10/0000/0023/A00000023300404ko.jpg?l=ko&QT=85&SF=webp&sharpen=1x0.5
로션,더페이스샵,더페이스샵 네오클래식 옴므 블랙 에센셜 올인원 트리트먼트 110ml,19600,https://www.oliveyoung.co.kr/store/goods/getGoodsDetail.do?goodsNo=A000000210922&dispCatNo=100000100010016&t_page=카테고리관&t_click=로션_전체__상품상세&t_number=82,https://image.oliveyoung.co.kr/cfimages/cf-goods/uploads/images/thumbnails/10/0000/0021/A00000021092201ko.jpg?l=ko&QT=85&SF=webp&sharpen=1x0.5
로션,싸이닉,싸이닉 더 심플 데일리 로션 260ml,18000,https://www.oliveyoung.co.kr/store/goods/getGoodsDetail.do?goodsNo=A000000137078&dispCatNo=100000100010016&t_page=카테고리관&t_click=로션_전체__상품상세&t_number=83,https://image.oliveyoung.co.kr/cfimages/cf-goods/uploads/images/thumbnails/10/0000/0013/A00000013707813ko.jpg?l=ko&QT=85&SF=webp&sharpen=1x0.5
로션,오브제,오브제 모이스처 올인원 로션 200ml,17900,https://www.oliveyoung.co.kr/store/goods/getGoodsDetail.do?goodsNo=A000000203440&dispCatNo=100000100010016&t_page=카테고리관&t_click=로션_전체__상품상세&t_number=84,https://image.oliveyoung.co.kr/cfimages/cf-goods/uploads/images/thumbnails/10/0000/0020/A00000020344002ko.jpg?l=ko&QT=85&SF=webp&sharpen=1x0.5
로션,싸이닉,싸이닉 더 심플 데일리 로션 145ml,8400,https://www.oliveyoung.co.kr/store/goods/getGoodsDetail.do?goodsNo=A000000121268&dispCatNo=100000100010016&t_page=카테고리관&t_click=로션_전체__상품상세&t_number=85,https://image.oliveyoung.co.kr/cfimages/cf-goods/uploads/images/thumbnails/10/0000/0012/A00000012126815ko.png?l=ko&QT=100&SF=webp&sharpen=1x0.5
로션,엠도씨,엠도씨 화이트닝 스킨 플러스 로션 150ml,18400,https://www.oliveyoung.co.kr/store/goods/getGoodsDetail.do?goodsNo=A000000011086&dispCatNo=100000100010016&t_page=카테고리관&t_click=로션_전체__상품상세&t_number=86,https://image.oliveyoung.co.kr/cfimages/cf-goods/uploads/images/thumbnails/10/0000/0001/A00000001108605ko.png?l=ko&QT=100&SF=webp&sharpen=1x0.5
로션,엠도씨,엠도씨 릴리프 에센스 에멀젼 100ml,18700,https://www.oliveyoung.co.kr/store/goods/getGoodsDetail.do?goodsNo=A000000011087&dispCatNo=100000100010016&t_page=카테고리관&t_click=로션_전체__상품상세&t_number=87,https://image.oliveyoung.co.kr/cfimages/cf-goods/uploads/images/thumbnails/10/0000/0001/A00000001108703ko.jpg?l=ko&QT=85&SF=webp&sharpen=1x0.5
로션,엠도씨,엠도씨 세붐 스트라이크 세럼 100ml,20000,https://www.oliveyoung.co.kr/store/goods/getGoodsDetail.do?goodsNo=A000000011088&dispCatNo=100000100010016&t_page=카테고리관&t_click=로션_전체__상품상세&t_number=88,https://image.oliveyoung.co.kr/cfimages/cf-goods/uploads/images/thumbnails/10/0000/0001/A00000001108804ko.jpg?l=ko&QT=85&SF=webp&sharpen=1x0.5
로션,라끄베르,라끄베르 옴므 리차지 에멀전 180ml,16000,https://www.oliveyoung.co.kr/store/goods/getGoodsDetail.do?goodsNo=A000000016749&dispCatNo=100000100010016&t_page=카테고리관&t_click=로션_전체__상품상세&t_number=89,https://image.oliveyoung.co.kr/cfimages/cf-goods/uploads/images/thumbnails/10/0000/0001/A00000001674902ko.jpg?l=ko&QT=85&SF=webp&sharpen=1x0.5
로션,코스알엑스,[NCT마크 PICK] 코스알엑스 오일-프리 울트라 모이스쳐라이징 로션 100ml,15200,https://www.oliveyoung.co.kr/store/goods/getGoodsDetail.do?goodsNo=A000000103320&dispCatNo=100000100010016&t_page=카테고리관&t_click=로션_전체__상품상세&t_number=90,https://image.oliveyoung.co.kr/cfimages/cf-goods/uploads/images/thumbnails/10/0000/0010/A00000010332002ko.jpg?l=ko&QT=85&SF=webp&sharpen=1x0.5
로션,크리니크,크리니크 안티-블레미쉬 솔루션 올-오버 클리어링 트리트먼트 오일-프리 50ml,42000,https://www.oliveyoung.co.kr/store/goods/getGoodsDetail.do?goodsNo=A000000104146&dispCatNo=100000100010016&t_page=카테고리관&t_click=로션_전체__상품상세&t_number=91,https://image.oliveyoung.co.kr/cfimages/cf-goods/uploads/images/thumbnails/10/0000/0010/A00000010414602ko.jpeg?l=ko&QT=85&SF=webp&sharpen=1x0.5
로션,크리니크,크리니크 드라마티컬리 디퍼런트 모이스춰라이징 로션 125ml,58000,https://www.oliveyoung.co.kr/store/goods/getGoodsDetail.do?goodsNo=A000000104173&dispCatNo=100000100010016&t_page=카테고리관&t_click=로션_전체__상품상세&t_number=92,https://image.oliveyoung.co.kr/cfimages/cf-goods/uploads/images/thumbnails/10/0000/0010/A00000010417317ko.jpg?l=ko&QT=85&SF=webp&sharpen=1x0.5
로션,크리니크,크리니크 포 맨 모이스춰라이징 로션 100ml,61000,https://www.oliveyoung.co.kr/store/goods/getGoodsDetail.do?goodsNo=A000000104972&dispCatNo=100000100010016&t_page=카테고리관&t_click=로션_전체__상품상세&t_number=93,https://image.oliveyoung.co.kr/cfimages/cf-goods/uploads/images/thumbnails/10/0000/0010/A00000010497202ko.jpeg?l=ko&QT=85&SF=webp&sharpen=1x0.5
로션,크리니크,크리니크 드라마티컬리 디퍼런트 하이드레이팅 젤리 125ml,58000,https://www.oliveyoung.co.kr/store/goods/getGoodsDetail.do?goodsNo=A000000115386&dispCatNo=100000100010016&t_page=카테고리관&t_click=로션_전체__상품상세&t_number=94,https://image.oliveyoung.co.kr/cfimages/cf-goods/uploads/images/thumbnails/10/0000/0011/A00000011538602ko.jpeg?l=ko&QT=85&SF=webp&sharpen=1x0.5
로션,셀퓨전씨,[유수분밸런싱/산뜻수분젤] 셀퓨전씨 트리악 모이스처 젤 오인트 100ml,13040,https://www.oliveyoung.co.kr/store/goods/getGoodsDetail.do?goodsNo=A000000115419&dispCatNo=100000100010016&t_page=카테고리관&t_click=로션_전체__상품상세&t_number=95,https://image.oliveyoung.co.kr/cfimages/cf-goods/uploads/images/thumbnails/10/0000/0011/A00000011541908ko.jpg?l=ko&QT=85&SF=webp&sharpen=1x0.5
로션,눅스,[피지&보습 로션]눅스 아쿠아벨라 로션 50ml,28800,https://www.oliveyoung.co.kr/store/goods/getGoodsDetail.do?goodsNo=A000000116601&dispCatNo=100000100010016&t_page=카테고리관&t_click=로션_전체__상품상세&t_number=96,https://image.oliveyoung.co.kr/cfimages/cf-goods/uploads/images/thumbnails/10/0000/0011/A00000011660104ko.jpg?l=ko&QT=85&SF=webp&sharpen=1x0.5
로션,다슈,다슈 맨즈 아쿠아 리얼 모이스트 올인원크림 153ml,12600,https://www.oliveyoung.co.kr/store/goods/getGoodsDetail.do?goodsNo=A000000122212&dispCatNo=100000100010016&t_page=카테고리관&t_click=로션_전체__상품상세&t_number=97,https://image.oliveyoung.co.kr/cfimages/cf-goods/uploads/images/thumbnails/10/0000/0012/A00000012221201ko.jpg?l=ko&QT=85&SF=webp&sharpen=1x0.5
로션,눅스,[피지&모공케어]눅스 맨 올인원 모이스춰라이징 젤 50ml,35100,https://www.oliveyoung.co.kr/store/goods/getGoodsDetail.do?goodsNo=A000000125841&dispCatNo=100000100010016&t_page=카테고리관&t_click=로션_전체__상품상세&t_number=98,https://image.oliveyoung.co.kr/cfimages/cf-goods/uploads/images/thumbnails/10/0000/0012/A00000012584104ko.jpg?l=ko&QT=85&SF=webp&sharpen=1x0.5
로션,눅스,[면도후자극완화수딩밤]눅스 맨 애프터쉐이브 수딩 밤 50ml,29700,https://www.oliveyoung.co.kr/store/goods/getGoodsDetail.do?goodsNo=A000000125845&dispCatNo=100000100010016&t_page=카테고리관&t_click=로션_전체__상품상세&t_number=99,https://image.oliveyoung.co.kr/cfimages/cf-goods/uploads/images/thumbnails/10/0000/0012/A00000012584506ko.jpg?l=ko&QT=85&SF=webp&sharpen=1x0.5
로션,닥터자르트,[증량] 닥터자르트 컨트롤에이 티트리먼트 모이스처라이저 100ml (티트리 약산성 보습크림),50000,https://www.oliveyoung.co.kr/store/goods/getGoodsDetail.do?goodsNo=A000000128322&dispCatNo=100000100010016&t_page=카테고리관&t_click=로션_전체__상품상세&t_number=100,https://image.oliveyoung.co.kr/cfimages/cf-goods/uploads/images/thumbnails/10/0000/0012/A00000012832204ko.jpg?l=ko&QT=85&SF=webp&sharpen=1x0.5
로션,피지오겔,피지오겔 레드수딩 AI 진정보습 로션 200ml,37500,https://www.oliveyoung.co.kr/store/goods/getGoodsDetail.do?goodsNo=A000000129771&dispCatNo=100000100010016&t_page=카테고리관&t_click=로션_전체__상품상세&t_number=101,https://image.oliveyoung.co.kr/cfimages/cf-goods/uploads/images/thumbnails/10/0000/0012/A00000012977112ko.jpg?l=ko&QT=85&SF=webp&sharpen=1x0.5
로션,아크네스,[피지저격/진정케어] 아크네스 포맨 퍼펙트 올인원 200ml,16200,https://www.oliveyoung.co.kr/store/goods/getGoodsDetail.do?goodsNo=A000000137386&dispCatNo=100000100010016&t_page=카테고리관&t_click=로션_전체__상품상세&t_number=102,https://image.oliveyoung.co.kr/cfimages/cf-goods/uploads/images/thumbnails/10/0000/0013/A00000013738615ko.jpg?l=ko&QT=85&SF=webp&sharpen=1x0.5
로션,바르테라,바르테라 올인원 젤 모이스춰라이저,22400,https://www.oliveyoung.co.kr/store/goods/getGoodsDetail.do?goodsNo=A000000137470&dispCatNo=100000100010016&t_page=카테고리관&t_click=로션_전체__상품상세&t_number=103,https://image.oliveyoung.co.kr/cfimages/cf-goods/uploads/images/thumbnails/10/0000/0013/A00000013747002ko.jpg?l=ko&QT=85&SF=webp&sharpen=1x0.5
로션,라네즈,라네즈옴므 액티브워터 모이스처라이저 125ml,18900,https://www.oliveyoung.co.kr/store/goods/getGoodsDetail.do?goodsNo=A000000137652&dispCatNo=100000100010016&t_page=카테고리관&t_click=로션_전체__상품상세&t_number=104,https://image.oliveyoung.co.kr/cfimages/cf-goods/uploads/images/thumbnails/10/0000/0013/A00000013765213ko.jpg?l=ko&QT=85&SF=webp&sharpen=1x0.5
로션,미프,미프 리페어 앤 리프팅,32000,https://www.oliveyoung.co.kr/store/goods/getGoodsDetail.do?goodsNo=A000000140891&dispCatNo=100000100010016&t_page=카테고리관&t_click=로션_전체__상품상세&t_number=105,https://image.oliveyoung.co.kr/cfimages/cf-goods/uploads/images/thumbnails/10/0000/0014/A00000014089108ko.jpg?l=ko&QT=85&SF=webp&sharpen=1x0.5
로션,디오디너리,[보습크림] 디오디너리 내추럴 모이스처라이징 팩터스 + HA 100ml,21300,https://www.oliveyoung.co.kr/store/goods/getGoodsDetail.do?goodsNo=A000000141309&dispCatNo=100000100010016&t_page=카테고리관&t_click=로션_전체__상품상세&t_number=106,https://image.oliveyoung.co.kr/cfimages/cf-goods/uploads/images/thumbnails/10/0000/0014/A00000014130902ko.jpg?l=ko&QT=85&SF=webp&sharpen=1x0.5
로션,디오디너리,[보습크림] 디오디너리 내추럴 모이스처라이징 팩터스 + HA 30ml,10200,https://www.oliveyoung.co.kr/store/goods/getGoodsDetail.do?goodsNo=A000000141317&dispCatNo=100000100010016&t_page=카테고리관&t_click=로션_전체__상품상세&t_number=107,https://image.oliveyoung.co.kr/cfimages/cf-goods/uploads/images/thumbnails/10/0000/0014/A00000014131702ko.jpg?l=ko&QT=85&SF=webp&sharpen=1x0.5
로션,디오디너리,[브라이트닝] 디오디너리 비타민C 서스펜션 23% + HA 스피어스 2% 30ml,12300,https://www.oliveyoung.co.kr/store/goods/getGoodsDetail.do?goodsNo=A000000141319&dispCatNo=100000100010016&t_page=카테고리관&t_click=로션_전체__상품상세&t_number=108,https://image.oliveyoung.co.kr/cfimages/cf-goods/uploads/images/thumbnails/10/0000/0014/A00000014131904ko.jpg?l=ko&QT=85&SF=webp&sharpen=1x0.5
로션,크리니크,크리니크 포맨 맥시멈 하이드레이터 72-아워 오토-리플레니싱 하이드레이터,49000,https://www.oliveyoung.co.kr/store/goods/getGoodsDetail.do?goodsNo=A000000142618&dispCatNo=100000100010016&t_page=카테고리관&t_click=로션_전체__상품상세&t_number=109,https://image.oliveyoung.co.kr/cfimages/cf-goods/uploads/images/thumbnails/10/0000/0014/A00000014261802ko.jpg?l=ko&QT=85&SF=webp&sharpen=1x0.5
로션,폴라초이스,폴라초이스 리지스트 데일리 5% 아하 데일리 각질제거제 50ml,44000,https://www.oliveyoung.co.kr/store/goods/getGoodsDetail.do?goodsNo=A000000144036&dispCatNo=100000100010016&t_page=카테고리관&t_click=로션_전체__상품상세&t_number=110,https://image.oliveyoung.co.kr/cfimages/cf-goods/uploads/images/thumbnails/10/0000/0014/A00000014403605ko.jpg?l=ko&QT=85&SF=webp&sharpen=1x0.5
로션,폴라초이스,폴라초이스 스킨 발란싱 수분 젤 60ml,53000,https://www.oliveyoung.co.kr/store/goods/getGoodsDetail.do?goodsNo=A000000144041&dispCatNo=100000100010016&t_page=카테고리관&t_click=로션_전체__상품상세&t_number=111,https://image.oliveyoung.co.kr/cfimages/cf-goods/uploads/images/thumbnails/10/0000/0014/A00000014404104ko.jpg?l=ko&QT=85&SF=webp&sharpen=1x0.5
로션,아크웰,아크웰 리얼 아쿠아 밸런싱 로션 140ml,20000,https://www.oliveyoung.co.kr/store/goods/getGoodsDetail.do?goodsNo=A000000144803&dispCatNo=100000100010016&t_page=카테고리관&t_click=로션_전체__상품상세&t_number=112,https://image.oliveyoung.co.kr/cfimages/cf-goods/uploads/images/thumbnails/10/0000/0014/A00000014480311ko.jpg?l=ko&QT=85&SF=webp&sharpen=1x0.5
로션,하다라보,[쫀쫀고보습에멀전] 하다라보 고쿠쥰 밀크 140mL,17000,https://www.oliveyoung.co.kr/store/goods/getGoodsDetail.do?goodsNo=A000000144917&dispCatNo=100000100010016&t_page=카테고리관&t_click=로션_전체__상품상세&t_number=113,https://image.oliveyoung.co.kr/cfimages/cf-goods/uploads/images/thumbnails/10/0000/0014/A00000014491711ko.png?l=ko&QT=100&SF=webp&sharpen=1x0.5
로션,하다라보,[8종히알루론산/세안밴드증정] 하다라보 고쿠쥰 프리미엄 밀크 140mL,12000,https://www.oliveyoung.co.kr/store/goods/getGoodsDetail.do?goodsNo=A000000146263&dispCatNo=100000100010016&t_page=카테고리관&t_click=로션_전체__상품상세&t_number=114,https://image.oliveyoung.co.kr/cfimages/cf-goods/uploads/images/thumbnails/10/0000/0014/A00000014626310ko.jpg?l=ko&QT=85&SF=webp&sharpen=1x0.5
로션,싸이닉,싸이닉 파워 옴므 플루이드 더블 기획 (150ml+150ml),19800,https://www.oliveyoung.co.kr/store/goods/getGoodsDetail.do?goodsNo=A000000146808&dispCatNo=100000100010016&t_page=카테고리관&t_click=로션_전체__상품상세&t_number=115,https://image.oliveyoung.co.kr/cfimages/cf-goods/uploads/images/thumbnails/10/0000/0014/A00000014680804ko.jpg?l=ko&QT=85&SF=webp&sharpen=1x0.5
로션,싸이닉,싸이닉 아쿠아 옴므 올인원 플루이드 100ml,11200,https://www.oliveyoung.co.kr/store/goods/getGoodsDetail.do?goodsNo=A000000146894&dispCatNo=100000100010016&t_page=카테고리관&t_click=로션_전체__상품상세&t_number=116,https://image.oliveyoung.co.kr/cfimages/cf-goods/uploads/images/thumbnails/10/0000/0014/A00000014689403ko.jpg?l=ko&QT=85&SF=webp&sharpen=1x0.5
로션,싸이닉,싸이닉 아쿠아 옴므 올인원 모이스처라이저 100ml,11200,https://www.oliveyoung.co.kr/store/goods/getGoodsDetail.do?goodsNo=A000000146896&dispCatNo=100000100010016&t_page=카테고리관&t_click=로션_전체__상품상세&t_number=117,https://image.oliveyoung.co.kr/cfimages/cf-goods/uploads/images/thumbnails/10/0000/0014/A00000014689602ko.jpg?l=ko&QT=85&SF=webp&sharpen=1x0.5
로션,미프,미프 시카맥스 올인원 기획 (본품 200ml+리필 150ml),38000,https://www.oliveyoung.co.kr/store/goods/getGoodsDetail.do?goodsNo=A000000147577&dispCatNo=100000100010016&t_page=카테고리관&t_click=로션_전체__상품상세&t_number=118,https://image.oliveyoung.co.kr/cfimages/cf-goods/uploads/images/thumbnails/10/0000/0014/A00000014757709ko.jpg?l=ko&QT=85&SF=webp&sharpen=1x0.5
로션,AHC,AHC 온리 포맨 로션 150ml,14000,https://www.oliveyoung.co.kr/store/goods/getGoodsDetail.do?goodsNo=A000000147661&dispCatNo=100000100010016&t_page=카테고리관&t_click=로션_전체__상품상세&t_number=119,https://image.oliveyoung.co.kr/cfimages/cf-goods/uploads/images/thumbnails/10/0000/0014/A00000014766105ko.jpg?l=ko&QT=85&SF=webp&sharpen=1x0.5
로션,아크네스,[폼클렌저 150g증정] 아크네스포맨퍼펙트올인원 기획(본품 200ml+폼클렌저 150g),19900,https://www.oliveyoung.co.kr/store/goods/getGoodsDetail.do?goodsNo=A000000150214&dispCatNo=100000100010016&t_page=카테고리관&t_click=로션_전체__상품상세&t_number=120,https://image.oliveyoung.co.kr/cfimages/cf-goods/uploads/images/thumbnails/10/0000/0015/A00000015021408ko.jpg?l=ko&QT=85&SF=webp&sharpen=1x0.5
에센스/세럼/앰플,주미소,주미소 나이아신아마이드 20 세럼 40ml,15360,https://www.oliveyoung.co.kr/store/goods/getGoodsDetail.do?goodsNo=A000000236980&dispCatNo=100000100010014&t_page=카테고리관&t_click=에센스/세럼/앰플_전체__상품상세&t_number=1,https://image.oliveyoung.co.kr/cfimages/cf-goods/uploads/images/thumbnails/10/0000/0023/A00000023698002ko.jpg?l=ko&QT=85&SF=webp&sharpen=1x0.5
에센스/세럼/앰플,달바,[NO.1 미스트세럼] 달바 퍼스트 스프레이 세럼 100ml 2개 기획,32500,https://www.oliveyoung.co.kr/store/goods/getGoodsDetail.do?goodsNo=A000000232724&dispCatNo=100000100010014&t_page=카테고리관&t_click=에센스/세럼/앰플_전체__상품상세&t_number=2,
에센스/세럼/앰플,토리든,[속보습세럼/단독기획] 토리든 다이브인 저분자 히알루론산 세럼 50ml 리필기획(+리필팩 50ml),25650,https://www.oliveyoung.co.kr/store/goods/getGoodsDetail.do?goodsNo=A000000189261&dispCatNo=100000100010014&t_page=카테고리관&t_click=에센스/세럼/앰플_전체__상품상세&t_number=3,
에센스/세럼/앰플,메디힐,[1+1/단독기획] 메디힐 마데카소사이드 흔적 리페어 세럼 40+40ml 더블 기획,22900,https://www.oliveyoung.co.kr/store/goods/getGoodsDetail.do?goodsNo=A000000211119&dispCatNo=100000100010014&t_page=카테고리관&t_click=에센스/세럼/앰플_전체__상품상세&t_number=4,
에센스/세럼/앰플,아누아,[11월 파워팩/단독기획] 아누아 피디알엔 히알루론산 캡슐 100 세럼 30mL 기획 (+30mL 리필팩),27500,https://www.oliveyoung.co.kr/store/goods/getGoodsDetail.do?goodsNo=A000000222698&dispCatNo=100000100010014&t_page=카테고리관&t_click=에센스/세럼/앰플_전체__상품상세&t_number=5,https://image.oliveyoung.co.kr/cfimages/cf-goods/uploads/images/thumbnails/10/0000/0022/A00000022269812ko.jpg?l=ko&QT=85&SF=webp&sharpen=1x0.5
에센스/세럼/앰플,웰라쥬,[150ml/속건조앰플] 웰라쥬 리얼 히알루로닉 블루 100 앰플 75ml 더블 기획 (+마스크1매),29900,https://www.oliveyoung.co.kr/store/goods/getGoodsDetail.do?goodsNo=A000000235247&dispCatNo=100000100010014&t_page=카테고리관&t_click=에센스/세럼/앰플_전체__상품상세&t_number=6,
에센스/세럼/앰플,믹순,믹순 히알레배 포어 버블 세럼 70ml,9900,https://www.oliveyoung.co.kr/store/goods/getGoodsDetail.do?goodsNo=A000000238406&dispCatNo=100000100010014&t_page=카테고리관&t_click=에센스/세럼/앰플_전체__상품상세&t_number=7,https://image.oliveyoung.co.kr/cfimages/cf-goods/uploads/images/thumbnails/10/0000/0023/A00000023840620ko.jpg?l=ko&QT=85&SF=webp&sharpen=1x0.5
에센스/세럼/앰플,구달,[11월올영픽] 구달 청귤 비타C 잡티케어 세럼 알파 50ml 리필 기획 (+리필 50ml+미니10ml),29900,https://www.oliveyoung.co.kr/store/goods/getGoodsDetail.do?goodsNo=A000000237426&dispCatNo=100000100010014&t_page=카테고리관&t_click=에센스/세럼/앰플_전체__상품상세&t_number=8,https://image.oliveyoung.co.kr/cfimages/cf-goods/uploads/images/thumbnails/10/0000/0023/A00000023742610ko.jpg?l=ko&QT=85&SF=webp&sharpen=1x0.5
에센스/세럼/앰플,파넬,[진정세럼/리뷰이벤트] 파넬 시카마누 92세럼 30ml 리필기획(+30ml 리필+15ml),23900,https://www.oliveyoung.co.kr/store/goods/getGoodsDetail.do?goodsNo=A000000237728&dispCatNo=100000100010014&t_page=카테고리관&t_click=에센스/세럼/앰플_전체__상품상세&t_number=9,https://image.oliveyoung.co.kr/cfimages/cf-goods/uploads/images/thumbnails/10/0000/0023/A00000023772801ko.jpg?l=ko&QT=85&SF=webp&sharpen=1x0.5
에센스/세럼/앰플,아누아,[단독기획] 아누아 TXA 나이아신 흔적 세럼 30ml 2입,27500,https://www.oliveyoung.co.kr/store/goods/getGoodsDetail.do?goodsNo=A000000226201&dispCatNo=100000100010014&t_page=카테고리관&t_click=에센스/세럼/앰플_전체__상품상세&t_number=10,https://image.oliveyoung.co.kr/cfimages/cf-goods/uploads/images/thumbnails/10/0000/0022/A00000022620111ko.png?l=ko&QT=100&SF=webp&sharpen=1x0.5
에센스/세럼/앰플,코스알엑스,[11월 올영픽/NCT마크 PICK] 코스알엑스 더 6 펩타이드 스킨 부스터 세럼 더블 기획,26500,https://www.oliveyoung.co.kr/store/goods/getGoodsDetail.do?goodsNo=A000000211372&dispCatNo=100000100010014&t_page=카테고리관&t_click=에센스/세럼/앰플_전체__상품상세&t_number=11,https://image.oliveyoung.co.kr/cfimages/cf-goods/uploads/images/thumbnails/10/0000/0021/A00000021137241ko.jpg?l=ko&QT=85&SF=webp&sharpen=1x0.5
에센스/세럼/앰플,VT,[모공에센스] VT 리들샷 100 에센스 30ml 더블 기획(+피디알엔 에센스 100 1.5ml*3ea),23500,https://www.oliveyoung.co.kr/store/goods/getGoodsDetail.do?goodsNo=A000000232212&dispCatNo=100000100010014&t_page=카테고리관&t_click=에센스/세럼/앰플_전체__상품상세&t_number=12,https://image.oliveyoung.co.kr/cfimages/cf-goods/uploads/images/thumbnails/10/0000/0023/A00000023221208ko.jpg?l=ko&QT=85&SF=webp&sharpen=1x0.5
에센스/세럼/앰플,이니스프리,[1+1] 이니스프리 레티놀 시카 흔적 앰플 30ml 더블 기획,29600,https://www.oliveyoung.co.kr/store/goods/getGoodsDetail.do?goodsNo=A000000230208&dispCatNo=100000100010014&t_page=카테고리관&t_click=에센스/세럼/앰플_전체__상품상세&t_number=13,https://image.oliveyoung.co.kr/cfimages/cf-goods/uploads/images/thumbnails/10/0000/0023/A00000023020830ko.jpg?l=ko&QT=85&SF=webp&sharpen=1x0.5
에센스/세럼/앰플,에스트라,[11월 올영픽] [50%용량증정] 에스트라 아토베리어365 세라-히알 속수분 앰플 30ml 기획 (+15ml),24400,https://www.oliveyoung.co.kr/store/goods/getGoodsDetail.do?goodsNo=A000000217326&dispCatNo=100000100010014&t_page=카테고리관&t_click=에센스/세럼/앰플_전체__상품상세&t_number=14,https://image.oliveyoung.co.kr/cfimages/cf-goods/uploads/images/thumbnails/10/0000/0021/A00000021732629ko.jpg?l=ko&QT=85&SF=webp&sharpen=1x0.5
에센스/세럼/앰플,바이오던스,[리뷰이벤트/11월 올영픽/1+1] 바이오던스 포어 퍼펙팅 콜라겐 펩타이드 세럼 30ml 2입 기획,29800,https://www.oliveyoung.co.kr/store/goods/getGoodsDetail.do?goodsNo=A000000237409&dispCatNo=100000100010014&t_page=카테고리관&t_click=에센스/세럼/앰플_전체__상품상세&t_number=15,https://image.oliveyoung.co.kr/cfimages/cf-goods/uploads/images/thumbnails/10/0000/0023/A00000023740935ko.jpg?l=ko&QT=85&SF=webp&sharpen=1x0.5
에센스/세럼/앰플,에스트라,에스트라 아토베리어365 하이드로에센스 200ml 기획(+크림 10ml+세라-히알 앰플 10ml),25600,https://www.oliveyoung.co.kr/store/goods/getGoodsDetail.do?goodsNo=A000000222837&dispCatNo=100000100010014&t_page=카테고리관&t_click=에센스/세럼/앰플_전체__상품상세&t_number=16,https://image.oliveyoung.co.kr/cfimages/cf-goods/uploads/images/thumbnails/10/0000/0022/A00000022283708ko.jpg?l=ko&QT=85&SF=webp&sharpen=1x0.5
에센스/세럼/앰플,브링그린,[품절재입고] 브링그린 징크테카 트러블 세럼 (대용량/콜라보/기획),16000,https://www.oliveyoung.co.kr/store/goods/getGoodsDetail.do?goodsNo=A000000200646&dispCatNo=100000100010014&t_page=카테고리관&t_click=에센스/세럼/앰플_전체__상품상세&t_number=17,https://image.oliveyoung.co.kr/cfimages/cf-goods/uploads/images/thumbnails/10/0000/0020/A00000020064666ko.jpg?l=ko&QT=85&SF=webp&sharpen=1x0.5
에센스/세럼/앰플,바이오더마,[11월 올영픽/ 한정 수량] 바이오더마 하이드라비오 에센스로션 200ml 2입 기획,43200,https://www.oliveyoung.co.kr/store/goods/getGoodsDetail.do?goodsNo=A000000205169&dispCatNo=100000100010014&t_page=카테고리관&t_click=에센스/세럼/앰플_전체__상품상세&t_number=18,
에센스/세럼/앰플,피지오겔,[비타민C 앰플] 피지오겔 사이언수티컬즈 데일리뮨 앰플 세럼 20ml 2입기획 (20ml+20ml),54000,https://www.oliveyoung.co.kr/store/goods/getGoodsDetail.do?goodsNo=A000000222220&dispCatNo=100000100010014&t_page=카테고리관&t_click=에센스/세럼/앰플_전체__상품상세&t_number=19,https://image.oliveyoung.co.kr/cfimages/cf-goods/uploads/images/thumbnails/10/0000/0022/A00000022222029ko.jpg?l=ko&QT=85&SF=webp&sharpen=1x0.5
에센스/세럼/앰플,아이오페,[특별한정/55ml대용량]아이오페 레티놀 레티젝션 세럼 30ml 기획 (+25ml),49900,https://www.oliveyoung.co.kr/store/goods/getGoodsDetail.do?goodsNo=A000000236420&dispCatNo=100000100010014&t_page=카테고리관&t_click=에센스/세럼/앰플_전체__상품상세&t_number=20,https://image.oliveyoung.co.kr/cfimages/cf-goods/uploads/images/thumbnails/10/0000/0023/A00000023642007ko.jpg?l=ko&QT=85&SF=webp&sharpen=1x0.5
에센스/세럼/앰플,메디큐브,[1등 미백앰플] 메디큐브 PDRN 핑크 앰플 30ml 리필기획 (본품+리필 50ML+겔패드*2매),25900,https://www.oliveyoung.co.kr/store/goods/getGoodsDetail.do?goodsNo=A000000226498&dispCatNo=100000100010014&t_page=카테고리관&t_click=에센스/세럼/앰플_전체__상품상세&t_number=21,https://image.oliveyoung.co.kr/cfimages/cf-goods/uploads/images/thumbnails/10/0000/0022/A00000022649802ko.jpg?l=ko&QT=85&SF=webp&sharpen=1x0.5
에센스/세럼/앰플,아이오페,[특별한정/55ml대용량]아이오페 레티놀 슈퍼 바운스 세럼 30ml 기획 (+25ml),42500,https://www.oliveyoung.co.kr/store/goods/getGoodsDetail.do?goodsNo=A000000236422&dispCatNo=100000100010014&t_page=카테고리관&t_click=에센스/세럼/앰플_전체__상품상세&t_number=22,https://image.oliveyoung.co.kr/cfimages/cf-goods/uploads/images/thumbnails/10/0000/0023/A00000023642205ko.jpeg?l=ko&QT=85&SF=webp&sharpen=1x0.5
에센스/세럼/앰플,VT,[보습 광채탄력] VT PDRN 에센스 100 30ml기획 (+1.5ml*3개+리들샷 100 1ml*3개),19900,https://www.oliveyoung.co.kr/store/goods/getGoodsDetail.do?goodsNo=A000000229481&dispCatNo=100000100010014&t_page=카테고리관&t_click=에센스/세럼/앰플_전체__상품상세&t_number=23,https://image.oliveyoung.co.kr/cfimages/cf-goods/uploads/images/thumbnails/10/0000/0022/A00000022948118ko.jpg?l=ko&QT=85&SF=webp&sharpen=1x0.5
에센스/세럼/앰플,성분에디터,[1등 모공앰플/청담샵pick] 성분에디터 그린토마토 NMN 포어 리프팅 앰플 40ml 더블기획,23000,https://www.oliveyoung.co.kr/store/goods/getGoodsDetail.do?goodsNo=A000000235178&dispCatNo=100000100010014&t_page=카테고리관&t_click=에센스/세럼/앰플_전체__상품상세&t_number=24,https://image.oliveyoung.co.kr/cfimages/cf-goods/uploads/images/thumbnails/10/0000/0023/A00000023517825ko.jpg?l=ko&QT=85&SF=webp&sharpen=1x0.5
에센스/세럼/앰플,성분에디터,[1등 탄력앰플/녹는실리프팅] 성분에디터 실크펩타이드 EGF 하트핏 볼륨 리프팅 앰플 40ml 더블기획,28000,https://www.oliveyoung.co.kr/store/goods/getGoodsDetail.do?goodsNo=A000000235179&dispCatNo=100000100010014&t_page=카테고리관&t_click=에센스/세럼/앰플_전체__상품상세&t_number=25,https://image.oliveyoung.co.kr/cfimages/cf-goods/uploads/images/thumbnails/10/0000/0023/A00000023517922ko.jpg?l=ko&QT=85&SF=webp&sharpen=1x0.5
에센스/세럼/앰플,뉴라덤,[11월 올영픽/윤곽앰플] 메디톡스 뉴라덤 코어타임 앰플 15ml [기획(+7ml)/단품],20800,https://www.oliveyoung.co.kr/store/goods/getGoodsDetail.do?goodsNo=A000000223297&dispCatNo=100000100010014&t_page=카테고리관&t_click=에센스/세럼/앰플_전체__상품상세&t_number=26,https://image.oliveyoung.co.kr/cfimages/cf-goods/uploads/images/thumbnails/10/0000/0022/A00000022329701ko.jpg?l=ko&QT=85&SF=webp&sharpen=1x0.5
에센스/세럼/앰플,이니스프리,[1+1] 이니스프리 비타민C 캡슐 세럼 30ml 더블 기획,29400,https://www.oliveyoung.co.kr/store/goods/getGoodsDetail.do?goodsNo=A000000230206&dispCatNo=100000100010014&t_page=카테고리관&t_click=에센스/세럼/앰플_전체__상품상세&t_number=27,https://image.oliveyoung.co.kr/cfimages/cf-goods/uploads/images/thumbnails/10/0000/0023/A00000023020635ko.jpg?l=ko&QT=85&SF=webp&sharpen=1x0.5
에센스/세럼/앰플,VT,[보습 광채탄력] VT 피디알엔 에센스 100 30ml 더블 기획 (+리들샷 100 10ml),38900,https://www.oliveyoung.co.kr/store/goods/getGoodsDetail.do?goodsNo=A000000232213&dispCatNo=100000100010014&t_page=카테고리관&t_click=에센스/세럼/앰플_전체__상품상세&t_number=28,https://image.oliveyoung.co.kr/cfimages/cf-goods/uploads/images/thumbnails/10/0000/0023/A00000023221309ko.jpg?l=ko&QT=85&SF=webp&sharpen=1x0.5
에센스/세럼/앰플,스킨앤랩,[올영단독] 스킨앤랩 베리어덤 링거 앰플70ml(+70ml) 더블기획,28000,https://www.oliveyoung.co.kr/store/goods/getGoodsDetail.do?goodsNo=A000000213267&dispCatNo=100000100010014&t_page=카테고리관&t_click=에센스/세럼/앰플_전체__상품상세&t_number=29,https://image.oliveyoung.co.kr/cfimages/cf-goods/uploads/images/thumbnails/10/0000/0021/A00000021326715ko.jpg?l=ko&QT=85&SF=webp&sharpen=1x0.5
에센스/세럼/앰플,넘버즈인,[11월 올영픽/흔적미백] 넘버즈인 5번 글루타치온C 흔적 앰플 30ml+30ml 듀오기획,29900,https://www.oliveyoung.co.kr/store/goods/getGoodsDetail.do?goodsNo=A000000189837&dispCatNo=100000100010014&t_page=카테고리관&t_click=에센스/세럼/앰플_전체__상품상세&t_number=30,https://image.oliveyoung.co.kr/cfimages/cf-goods/uploads/images/thumbnails/10/0000/0018/A00000018983716ko.jpg?l=ko&QT=85&SF=webp&sharpen=1x0.5
에센스/세럼/앰플,차앤박,[대용량기획/키링파우치 증정] 차앤박 프로폴리스 에너지 액티브 앰플 50ml 리필기획+키링 파우치 (아따맘마 콜라보),43500,https://www.oliveyoung.co.kr/store/goods/getGoodsDetail.do?goodsNo=A000000233738&dispCatNo=100000100010014&t_page=카테고리관&t_click=에센스/세럼/앰플_전체__상품상세&t_number=31,https://image.oliveyoung.co.kr/cfimages/cf-goods/uploads/images/thumbnails/10/0000/0023/A00000023373832ko.jpg?l=ko&QT=85&SF=webp&sharpen=1x0.5
에센스/세럼/앰플,에스트라,[11월 올영픽] 에스트라 에이시카365 흔적진정세럼 pH4.5 40ml 기획 (+세럼 20ml+크림 1ml),28500,https://www.oliveyoung.co.kr/store/goods/getGoodsDetail.do?goodsNo=A000000222839&dispCatNo=100000100010014&t_page=카테고리관&t_click=에센스/세럼/앰플_전체__상품상세&t_number=32,https://image.oliveyoung.co.kr/cfimages/cf-goods/uploads/images/thumbnails/10/0000/0022/A00000022283911ko.jpg?l=ko&QT=85&SF=webp&sharpen=1x0.5
에센스/세럼/앰플,넘버즈인,[수분진정] 넘버즈인 1번 판토텐산 액티브업 수딩세럼 50ml 리필기획 (50ml+50ml),25000,https://www.oliveyoung.co.kr/store/goods/getGoodsDetail.do?goodsNo=A000000207225&dispCatNo=100000100010014&t_page=카테고리관&t_click=에센스/세럼/앰플_전체__상품상세&t_number=33,https://image.oliveyoung.co.kr/cfimages/cf-goods/uploads/images/thumbnails/10/0000/0020/A00000020722529ko.jpg?l=ko&QT=85&SF=webp&sharpen=1x0.5
에센스/세럼/앰플,바이오힐보,[11월 올영PICK]바이오힐보 프로바이오덤 콜라겐 리모델링 세럼 30ml+디바이스 모공슈링크 (증정기획),93500,https://www.oliveyoung.co.kr/store/goods/getGoodsDetail.do?goodsNo=A000000224882&dispCatNo=100000100010014&t_page=카테고리관&t_click=에센스/세럼/앰플_전체__상품상세&t_number=34,https://image.oliveyoung.co.kr/cfimages/cf-goods/uploads/images/thumbnails/10/0000/0022/A00000022488235ko.jpg?l=ko&QT=85&SF=webp&sharpen=1x0.5
에센스/세럼/앰플,퍼셀,[민감트러블] 퍼셀 20억/mL 픽셀바이옴 원액 20ml 기획 (+7ml),27000,https://www.oliveyoung.co.kr/store/goods/getGoodsDetail.do?goodsNo=A000000208860&dispCatNo=100000100010014&t_page=카테고리관&t_click=에센스/세럼/앰플_전체__상품상세&t_number=35,https://image.oliveyoung.co.kr/cfimages/cf-goods/uploads/images/thumbnails/10/0000/0020/A00000020886015ko.jpg?l=ko&QT=85&SF=webp&sharpen=1x0.5
에센스/세럼/앰플,셀리맥스,[단독기획] 셀리맥스 더 리얼 노니 에너지 앰플 90ml 기획 (80ml+10ml),29700,https://www.oliveyoung.co.kr/store/goods/getGoodsDetail.do?goodsNo=A000000203971&dispCatNo=100000100010014&t_page=카테고리관&t_click=에센스/세럼/앰플_전체__상품상세&t_number=36,https://image.oliveyoung.co.kr/cfimages/cf-goods/uploads/images/thumbnails/10/0000/0020/A00000020397130ko.jpg?l=ko&QT=85&SF=webp&sharpen=1x0.5
에센스/세럼/앰플,차앤박,[90ml대용량]차앤박 더마앤서 액티브 부스트 PDRN 앰플 30ml+60ml 리필+대형스티커 (아따맘마 콜라보),29800,https://www.oliveyoung.co.kr/store/goods/getGoodsDetail.do?goodsNo=A000000233742&dispCatNo=100000100010014&t_page=카테고리관&t_click=에센스/세럼/앰플_전체__상품상세&t_number=37,https://image.oliveyoung.co.kr/cfimages/cf-goods/uploads/images/thumbnails/10/0000/0023/A00000023374226ko.jpg?l=ko&QT=85&SF=webp&sharpen=1x0.5
에센스/세럼/앰플,바이오힐보,[11월 올영PICK/ 모공탄력] 바이오힐 보 프로바이오덤 콜라겐 리모델링 세럼 30ml [증정/더블기획],22900,https://www.oliveyoung.co.kr/store/goods/getGoodsDetail.do?goodsNo=A000000233390&dispCatNo=100000100010014&t_page=카테고리관&t_click=에센스/세럼/앰플_전체__상품상세&t_number=38,https://image.oliveyoung.co.kr/cfimages/cf-goods/uploads/images/thumbnails/10/0000/0023/A00000023339015ko.jpg?l=ko&QT=85&SF=webp&sharpen=1x0.5
에센스/세럼/앰플,디오디너리,[트러블모공] 디오디너리 나이아신아마이드 10% + 징크 1% 60ml,15700,https://www.oliveyoung.co.kr/store/goods/getGoodsDetail.do?goodsNo=A000000158615&dispCatNo=100000100010014&t_page=카테고리관&t_click=에센스/세럼/앰플_전체__상품상세&t_number=39,https://image.oliveyoung.co.kr/cfimages/cf-goods/uploads/images/thumbnails/10/0000/0015/A00000015861505ko.jpg?l=ko&QT=85&SF=webp&sharpen=1x0.5
에센스/세럼/앰플,에스네이처,[리즈PICK/매끈결광 화잘먹세럼] 에스네이처 아쿠아 스쿠알란 세럼 50ml 리필 기획 (+광채거울),22900,https://www.oliveyoung.co.kr/store/goods/getGoodsDetail.do?goodsNo=A000000235231&dispCatNo=100000100010014&t_page=카테고리관&t_click=에센스/세럼/앰플_전체__상품상세&t_number=40,
에센스/세럼/앰플,프리메라,[NEW크림증정] 프리메라 비타티놀 바운시 리프트 세럼 기획(30ml+20ml+비타티놀크림1ml*3),29900,https://www.oliveyoung.co.kr/store/goods/getGoodsDetail.do?goodsNo=A000000231293&dispCatNo=100000100010014&t_page=카테고리관&t_click=에센스/세럼/앰플_전체__상품상세&t_number=41,https://image.oliveyoung.co.kr/cfimages/cf-goods/uploads/images/thumbnails/10/0000/0023/A00000023129321ko.jpg?l=ko&QT=85&SF=webp&sharpen=1x0.5
에센스/세럼/앰플,아누아,[더보이즈 현재 이벤트]아누아 피디알엔 히알루론산 캡슐 100 세럼 30mL 기획세트 (+크림 30ml),22500,https://www.oliveyoung.co.kr/store/goods/getGoodsDetail.do?goodsNo=A000000231894&dispCatNo=100000100010014&t_page=카테고리관&t_click=에센스/세럼/앰플_전체__상품상세&t_number=42,
에센스/세럼/앰플,메디힐,[단독/1+1] 메디힐 PDRN 모공 탄력 세럼 40+40ml 기획,22900,https://www.oliveyoung.co.kr/store/goods/getGoodsDetail.do?goodsNo=A000000232179&dispCatNo=100000100010014&t_page=카테고리관&t_click=에센스/세럼/앰플_전체__상품상세&t_number=43,https://image.oliveyoung.co.kr/cfimages/cf-goods/uploads/images/thumbnails/10/0000/0023/A00000023217920ko.jpg?l=ko&QT=85&SF=webp&sharpen=1x0.5
에센스/세럼/앰플,더마팩토리,더마팩토리 나이아신아마이드 20% 세럼 30ml,5400,https://www.oliveyoung.co.kr/store/goods/getGoodsDetail.do?goodsNo=A000000225217&dispCatNo=100000100010014&t_page=카테고리관&t_click=에센스/세럼/앰플_전체__상품상세&t_number=44,https://image.oliveyoung.co.kr/cfimages/cf-goods/uploads/images/thumbnails/10/0000/0022/A00000022521706ko.jpg?l=ko&QT=85&SF=webp&sharpen=1x0.5
에센스/세럼/앰플,파티온,[트러블1등/단독기획] 파티온 노스카나인 트러블 세럼 50ml 기획(+15ml+마스크 1매),38000,https://www.oliveyoung.co.kr/store/goods/getGoodsDetail.do?goodsNo=A000000219717&dispCatNo=100000100010014&t_page=카테고리관&t_click=에센스/세럼/앰플_전체__상품상세&t_number=45,https://image.oliveyoung.co.kr/cfimages/cf-goods/uploads/images/thumbnails/10/0000/0021/A00000021971716ko.png?l=ko&QT=100&SF=webp&sharpen=1x0.5
에센스/세럼/앰플,라운드랩,[민감진정] 라운드랩 소나무 진정 시카 앰플 30ml+30ml,28000,https://www.oliveyoung.co.kr/store/goods/getGoodsDetail.do?goodsNo=A000000180476&dispCatNo=100000100010014&t_page=카테고리관&t_click=에센스/세럼/앰플_전체__상품상세&t_number=46,https://image.oliveyoung.co.kr/cfimages/cf-goods/uploads/images/thumbnails/10/0000/0018/A00000018047618ko.jpg?l=ko&QT=85&SF=webp&sharpen=1x0.5
에센스/세럼/앰플,라로슈포제,[11월 올영픽] 라로슈포제 에빠끌라 듀오+ M 에센스 40ml 기획 (+에빠끌라 폼 15ml+유비클리어 3ml 기획),27200,https://www.oliveyoung.co.kr/store/goods/getGoodsDetail.do?goodsNo=A000000236405&dispCatNo=100000100010014&t_page=카테고리관&t_click=에센스/세럼/앰플_전체__상품상세&t_number=47,https://image.oliveyoung.co.kr/cfimages/cf-goods/uploads/images/thumbnails/10/0000/0023/A00000023640506ko.jpg?l=ko&QT=85&SF=webp&sharpen=1x0.5
에센스/세럼/앰플,파티온,[트러블1등] 파티온 노스카나인 트러블 세럼 20ml 기획(+20ml),32000,https://www.oliveyoung.co.kr/store/goods/getGoodsDetail.do?goodsNo=A000000234183&dispCatNo=100000100010014&t_page=카테고리관&t_click=에센스/세럼/앰플_전체__상품상세&t_number=48,https://image.oliveyoung.co.kr/cfimages/cf-goods/uploads/images/thumbnails/10/0000/0023/A00000023418304ko.png?l=ko&QT=100&SF=webp&sharpen=1x0.5
에센스/세럼/앰플,넘버즈인,넘버즈인 1번 판토텐산 스킨케어100 블러파우더 기획 (+퍼프 1개),22000,https://www.oliveyoung.co.kr/store/goods/getGoodsDetail.do?goodsNo=A000000231822&dispCatNo=100000100010014&t_page=카테고리관&t_click=에센스/세럼/앰플_전체__상품상세&t_number=49,https://image.oliveyoung.co.kr/cfimages/cf-goods/uploads/images/thumbnails/10/0000/0023/A00000023182209ko.jpg?l=ko&QT=85&SF=webp&sharpen=1x0.5
에센스/세럼/앰플,아이소이,[로즈PDRN] 아이소이 브라이트닝 잡티세럼 40ml 대용량 기획 (+20ml+아이&미간패치 1세트),37800,https://www.oliveyoung.co.kr/store/goods/getGoodsDetail.do?goodsNo=A000000235243&dispCatNo=100000100010014&t_page=카테고리관&t_click=에센스/세럼/앰플_전체__상품상세&t_number=50,https://image.oliveyoung.co.kr/cfimages/cf-goods/uploads/images/thumbnails/10/0000/0023/A00000023524315ko.jpg?l=ko&QT=85&SF=webp&sharpen=1x0.5
에센스/세럼/앰플,메디테라피,[피부결/흔적개선] 메디테라피 레티날 스킨 부스터 세럼 150ml,23900,https://www.oliveyoung.co.kr/store/goods/getGoodsDetail.do?goodsNo=A000000231062&dispCatNo=100000100010014&t_page=카테고리관&t_click=에센스/세럼/앰플_전체__상품상세&t_number=51,https://image.oliveyoung.co.kr/cfimages/cf-goods/uploads/images/thumbnails/10/0000/0023/A00000023106234ko.jpg?l=ko&QT=85&SF=webp&sharpen=1x0.5
에센스/세럼/앰플,닥터지,[수분진정] 닥터지 레드 블레미쉬 클리어 히알 시카 수딩 세럼 50ml 2종 (단품/20ml 증정 기획),19000,https://www.oliveyoung.co.kr/store/goods/getGoodsDetail.do?goodsNo=A000000224329&dispCatNo=100000100010014&t_page=카테고리관&t_click=에센스/세럼/앰플_전체__상품상세&t_number=52,https://image.oliveyoung.co.kr/cfimages/cf-goods/uploads/images/thumbnails/10/0000/0022/A00000022432934ko.jpg?l=ko&QT=85&SF=webp&sharpen=1x0.5
에센스/세럼/앰플,VT,[모공흡수] VT 리들샷 300 에센스 30ml 기획 (+리들샷 300 파우치 1ml*3ea),24900,https://www.oliveyoung.co.kr/store/goods/getGoodsDetail.do?goodsNo=A000000210068&dispCatNo=100000100010014&t_page=카테고리관&t_click=에센스/세럼/앰플_전체__상품상세&t_number=53,https://image.oliveyoung.co.kr/cfimages/cf-goods/uploads/images/thumbnails/10/0000/0021/A00000021006813ko.jpg?l=ko&QT=85&SF=webp&sharpen=1x0.5
에센스/세럼/앰플,설화수,설화수 윤조에센스 단품/기획 (30ml~90ml),49500,https://www.oliveyoung.co.kr/store/goods/getGoodsDetail.do?goodsNo=A000000225750&dispCatNo=100000100010014&t_page=카테고리관&t_click=에센스/세럼/앰플_전체__상품상세&t_number=54,https://image.oliveyoung.co.kr/cfimages/cf-goods/uploads/images/thumbnails/10/0000/0022/A00000022575017ko.jpg?l=ko&QT=85&SF=webp&sharpen=1x0.5
에센스/세럼/앰플,토리든,[NEW/단독기획] 토리든 밸런스풀 시카 컨트롤 세럼 50ml 기획 (+크림 20ml),23000,https://www.oliveyoung.co.kr/store/goods/getGoodsDetail.do?goodsNo=A000000228804&dispCatNo=100000100010014&t_page=카테고리관&t_click=에센스/세럼/앰플_전체__상품상세&t_number=55,https://image.oliveyoung.co.kr/cfimages/cf-goods/uploads/images/thumbnails/10/0000/0022/A00000022880406ko.jpg?l=ko&QT=85&SF=webp&sharpen=1x0.5
에센스/세럼/앰플,달바,[긴급진정] 달바 바이탈 스프레이 세럼 100ml 2개 기획,32500,https://www.oliveyoung.co.kr/store/goods/getGoodsDetail.do?goodsNo=A000000232717&dispCatNo=100000100010014&t_page=카테고리관&t_click=에센스/세럼/앰플_전체__상품상세&t_number=56,https://image.oliveyoung.co.kr/cfimages/cf-goods/uploads/images/thumbnails/10/0000/0023/A00000023271704ko.png?l=ko&QT=100&SF=webp&sharpen=1x0.5
에센스/세럼/앰플,쏘내추럴,[화잘먹 세럼] 쏘내추럴 올 데이 페이스 프렙 픽서 30ml,20800,https://www.oliveyoung.co.kr/store/goods/getGoodsDetail.do?goodsNo=A000000229391&dispCatNo=100000100010014&t_page=카테고리관&t_click=에센스/세럼/앰플_전체__상품상세&t_number=57,https://image.oliveyoung.co.kr/cfimages/cf-goods/uploads/images/thumbnails/10/0000/0022/A00000022939119ko.jpg?l=ko&QT=85&SF=webp&sharpen=1x0.5
에센스/세럼/앰플,디오디너리,[트러블모공] 디오디너리 나이아신아마이드 10% + 징크 1% 30ml,8700,https://www.oliveyoung.co.kr/store/goods/getGoodsDetail.do?goodsNo=A000000157350&dispCatNo=100000100010014&t_page=카테고리관&t_click=에센스/세럼/앰플_전체__상품상세&t_number=58,https://image.oliveyoung.co.kr/cfimages/cf-goods/uploads/images/thumbnails/10/0000/0015/A00000015735005ko.jpg?l=ko&QT=85&SF=webp&sharpen=1x0.5
에센스/세럼/앰플,리쥬란,[한정수량/오리지널 c-PDRN] 리쥬란 힐러 턴오버 앰플 듀얼 이펙트 30ml+7ml 증정 기획,49900,https://www.oliveyoung.co.kr/store/goods/getGoodsDetail.do?goodsNo=A000000183707&dispCatNo=100000100010014&t_page=카테고리관&t_click=에센스/세럼/앰플_전체__상품상세&t_number=59,https://image.oliveyoung.co.kr/cfimages/cf-goods/uploads/images/thumbnails/10/0000/0018/A00000018370716ko.jpg?l=ko&QT=85&SF=webp&sharpen=1x0.5
에센스/세럼/앰플,달바,[미백/잡티케어] 달바 비타 토닝 캡슐 세럼 50ml 기획,23900,https://www.oliveyoung.co.kr/store/goods/getGoodsDetail.do?goodsNo=A000000223429&dispCatNo=100000100010014&t_page=카테고리관&t_click=에센스/세럼/앰플_전체__상품상세&t_number=60,https://image.oliveyoung.co.kr/cfimages/cf-goods/uploads/images/thumbnails/10/0000/0022/A00000022342919ko.png?l=ko&QT=100&SF=webp&sharpen=1x0.5
에센스/세럼/앰플,주미소,주미소 디판테놀 베리어 장벽세럼 70ml(+크림20ml),22400,https://www.oliveyoung.co.kr/store/goods/getGoodsDetail.do?goodsNo=A000000231453&dispCatNo=100000100010014&t_page=카테고리관&t_click=에센스/세럼/앰플_전체__상품상세&t_number=61,https://image.oliveyoung.co.kr/cfimages/cf-goods/uploads/images/thumbnails/10/0000/0023/A00000023145304ko.jpg?l=ko&QT=85&SF=webp&sharpen=1x0.5
에센스/세럼/앰플,바이오더마,[11월 올영픽] 바이오더마 하이드라비오 세럼 40ml 더블 기획,38000,https://www.oliveyoung.co.kr/store/goods/getGoodsDetail.do?goodsNo=A000000236642&dispCatNo=100000100010014&t_page=카테고리관&t_click=에센스/세럼/앰플_전체__상품상세&t_number=62,
에센스/세럼/앰플,아벤느,[수분 충전]아벤느 이드랑스 에센스-인-로션 200ml 2입기획,37900,https://www.oliveyoung.co.kr/store/goods/getGoodsDetail.do?goodsNo=A000000187040&dispCatNo=100000100010014&t_page=카테고리관&t_click=에센스/세럼/앰플_전체__상품상세&t_number=63,https://image.oliveyoung.co.kr/cfimages/cf-goods/uploads/images/thumbnails/10/0000/0018/A00000018704041ko.jpg?l=ko&QT=85&SF=webp&sharpen=1x0.5
에센스/세럼/앰플,앰플엔,[재구매1위] 앰플엔 세라마이드샷 화잘먹 보습장벽앰플 100ml기획(+10ml),17000,https://www.oliveyoung.co.kr/store/goods/getGoodsDetail.do?goodsNo=A000000180410&dispCatNo=100000100010014&t_page=카테고리관&t_click=에센스/세럼/앰플_전체__상품상세&t_number=64,https://image.oliveyoung.co.kr/cfimages/cf-goods/uploads/images/thumbnails/10/0000/0018/A00000018041061ko.jpg?l=ko&QT=85&SF=webp&sharpen=1x0.5
에센스/세럼/앰플,웰라쥬,[속건조필수템/대용량150ml] 웰라쥬 리얼 히알루로닉 블루 100 앰플 75ml 더블기획,30900,https://www.oliveyoung.co.kr/store/goods/getGoodsDetail.do?goodsNo=A000000231885&dispCatNo=100000100010014&t_page=카테고리관&t_click=에센스/세럼/앰플_전체__상품상세&t_number=65,
에센스/세럼/앰플,코스알엑스,[11월 올영픽/NCT마크 PICK] 코스알엑스 어드밴스드 비타민C 세럼 20g 기획 (+선세럼 15ml),19900,https://www.oliveyoung.co.kr/store/goods/getGoodsDetail.do?goodsNo=A000000237465&dispCatNo=100000100010014&t_page=카테고리관&t_click=에센스/세럼/앰플_전체__상품상세&t_number=66,https://image.oliveyoung.co.kr/cfimages/cf-goods/uploads/images/thumbnails/10/0000/0023/A00000023746515ko.jpg?l=ko&QT=85&SF=webp&sharpen=1x0.5
에센스/세럼/앰플,파티온,[단독기획] 파티온 노스카나인 트러블 흔적 앰플 30ml 기획 (+트러블 세럼 15ml),34000,https://www.oliveyoung.co.kr/store/goods/getGoodsDetail.do?goodsNo=A000000207544&dispCatNo=100000100010014&t_page=카테고리관&t_click=에센스/세럼/앰플_전체__상품상세&t_number=67,https://image.oliveyoung.co.kr/cfimages/cf-goods/uploads/images/thumbnails/10/0000/0020/A00000020754405ko.jpg?l=ko&QT=85&SF=webp&sharpen=1x0.5
에센스/세럼/앰플,한율,[리필기획/스킨케어브러시증정] 한율 어린쑥 속수분 쑥히알 세럼 40ml 리필 기획 (+40ml 리필),25500,https://www.oliveyoung.co.kr/store/goods/getGoodsDetail.do?goodsNo=A000000233771&dispCatNo=100000100010014&t_page=카테고리관&t_click=에센스/세럼/앰플_전체__상품상세&t_number=68,https://image.oliveyoung.co.kr/cfimages/cf-goods/uploads/images/thumbnails/10/0000/0023/A00000023377117ko.jpg?l=ko&QT=85&SF=webp&sharpen=1x0.5
에센스/세럼/앰플,디마프,[리뷰이벤트] 디마프 히어로 마이 퍼스트 세럼 a.k.a 만능기초 155ml,28900,https://www.oliveyoung.co.kr/store/goods/getGoodsDetail.do?goodsNo=A000000235338&dispCatNo=100000100010014&t_page=카테고리관&t_click=에센스/세럼/앰플_전체__상품상세&t_number=69,https://image.oliveyoung.co.kr/cfimages/cf-goods/uploads/images/thumbnails/10/0000/0023/A00000023533808ko.jpg?l=ko&QT=85&SF=webp&sharpen=1x0.5
에센스/세럼/앰플,더마팩토리,더마팩토리 PDRN 4% 앰플 30ml,10800,https://www.oliveyoung.co.kr/store/goods/getGoodsDetail.do?goodsNo=A000000225216&dispCatNo=100000100010014&t_page=카테고리관&t_click=에센스/세럼/앰플_전체__상품상세&t_number=70,https://image.oliveyoung.co.kr/cfimages/cf-goods/uploads/images/thumbnails/10/0000/0022/A00000022521601ko.jpg?l=ko&QT=85&SF=webp&sharpen=1x0.5
에센스/세럼/앰플,메디큐브,[NEW] 메디큐브 제로 원데이 엑소좀샷 모공앰플 2000 30ml,19800,https://www.oliveyoung.co.kr/store/goods/getGoodsDetail.do?goodsNo=A000000218377&dispCatNo=100000100010014&t_page=카테고리관&t_click=에센스/세럼/앰플_전체__상품상세&t_number=71,https://image.oliveyoung.co.kr/cfimages/cf-goods/uploads/images/thumbnails/10/0000/0021/A00000021837712ko.jpg?l=ko&QT=85&SF=webp&sharpen=1x0.5
에센스/세럼/앰플,마미케어,[모공감소/3천원페이백] 마미케어 바다포도 모공앰플 50ml,14800,https://www.oliveyoung.co.kr/store/goods/getGoodsDetail.do?goodsNo=A000000224295&dispCatNo=100000100010014&t_page=카테고리관&t_click=에센스/세럼/앰플_전체__상품상세&t_number=72,https://image.oliveyoung.co.kr/cfimages/cf-goods/uploads/images/thumbnails/10/0000/0022/A00000022429546ko.jpg?l=ko&QT=85&SF=webp&sharpen=1x0.5
에센스/세럼/앰플,디오디너리,[입문자추천] 디오디너리 레티놀 0.2% 인 스쿠알란 30ml,12300,https://www.oliveyoung.co.kr/store/goods/getGoodsDetail.do?goodsNo=A000000149963&dispCatNo=100000100010014&t_page=카테고리관&t_click=에센스/세럼/앰플_전체__상품상세&t_number=73,https://image.oliveyoung.co.kr/cfimages/cf-goods/uploads/images/thumbnails/10/0000/0014/A00000014996305ko.jpg?l=ko&QT=85&SF=webp&sharpen=1x0.5
에센스/세럼/앰플,닥터디퍼런트,[리피PICK/비타민C앰플] 닥터디퍼런트 씨이큐 안티옥시던트 세럼 15ml 2종 택1(1개/2개입),35700,https://www.oliveyoung.co.kr/store/goods/getGoodsDetail.do?goodsNo=A000000159468&dispCatNo=100000100010014&t_page=카테고리관&t_click=에센스/세럼/앰플_전체__상품상세&t_number=74,https://image.oliveyoung.co.kr/cfimages/cf-goods/uploads/images/thumbnails/10/0000/0015/A00000015946819ko.jpg?l=ko&QT=85&SF=webp&sharpen=1x0.5
에센스/세럼/앰플,더마토리,[100ml] 더마토리 히알샷 베리어 B5 앰플 50ml 리필기획(+50ml 리필),35000,https://www.oliveyoung.co.kr/store/goods/getGoodsDetail.do?goodsNo=A000000202469&dispCatNo=100000100010014&t_page=카테고리관&t_click=에센스/세럼/앰플_전체__상품상세&t_number=75,https://image.oliveyoung.co.kr/cfimages/cf-goods/uploads/images/thumbnails/10/0000/0020/A00000020246929ko.jpg?l=ko&QT=85&SF=webp&sharpen=1x0.5
에센스/세럼/앰플,아누아,아누아 어성초 80 수분 진정 앰플 30mL 2입,25000,https://www.oliveyoung.co.kr/store/goods/getGoodsDetail.do?goodsNo=A000000225404&dispCatNo=100000100010014&t_page=카테고리관&t_click=에센스/세럼/앰플_전체__상품상세&t_number=76,https://image.oliveyoung.co.kr/cfimages/cf-goods/uploads/images/thumbnails/10/0000/0022/A00000022540406ko.png?l=ko&QT=100&SF=webp&sharpen=1x0.5
에센스/세럼/앰플,AHC,[단독기획/리프팅]AHC 프로 샷 콜라 쥬비네이션 리프팅 세럼 40ml 기획 (+아이크림 10ml),28800,https://www.oliveyoung.co.kr/store/goods/getGoodsDetail.do?goodsNo=A000000204594&dispCatNo=100000100010014&t_page=카테고리관&t_click=에센스/세럼/앰플_전체__상품상세&t_number=77,https://image.oliveyoung.co.kr/cfimages/cf-goods/uploads/images/thumbnails/10/0000/0020/A00000020459415ko.jpg?l=ko&QT=85&SF=webp&sharpen=1x0.5
에센스/세럼/앰플,메디큐브,[NEW] 메디큐브 제로 원데이 엑소좀샷 모공앰플 7500 30ml,24900,https://www.oliveyoung.co.kr/store/goods/getGoodsDetail.do?goodsNo=A000000218378&dispCatNo=100000100010014&t_page=카테고리관&t_click=에센스/세럼/앰플_전체__상품상세&t_number=78,https://image.oliveyoung.co.kr/cfimages/cf-goods/uploads/images/thumbnails/10/0000/0021/A00000021837807ko.jpg?l=ko&QT=85&SF=webp&sharpen=1x0.5
에센스/세럼/앰플,헤브블루,헤브블루 살몬 PDRN 케어링 센텔라 앰플 30ml,28600,https://www.oliveyoung.co.kr/store/goods/getGoodsDetail.do?goodsNo=A000000213990&dispCatNo=100000100010014&t_page=카테고리관&t_click=에센스/세럼/앰플_전체__상품상세&t_number=79,https://image.oliveyoung.co.kr/cfimages/cf-goods/uploads/images/thumbnails/10/0000/0021/A00000021399008ko.jpg?l=ko&QT=85&SF=webp&sharpen=1x0.5
에센스/세럼/앰플,리쥬란,[PDRN브라이트닝/수량한정]리쥬란 힐러 트리플 래디언스 앰플 10ml 더블 기획(+5ml+1ml*3)(2506),51000,https://www.oliveyoung.co.kr/store/goods/getGoodsDetail.do?goodsNo=A000000229204&dispCatNo=100000100010014&t_page=카테고리관&t_click=에센스/세럼/앰플_전체__상품상세&t_number=80,https://image.oliveyoung.co.kr/cfimages/cf-goods/uploads/images/thumbnails/10/0000/0022/A00000022920405ko.jpg?l=ko&QT=85&SF=webp&sharpen=1x0.5
에센스/세럼/앰플,넘버즈인,[모공+피부결] 넘버즈인 3번 보들보들 결 세럼 50ml 리필기획 (50ml+50ml),38000,https://www.oliveyoung.co.kr/store/goods/getGoodsDetail.do?goodsNo=A000000207229&dispCatNo=100000100010014&t_page=카테고리관&t_click=에센스/세럼/앰플_전체__상품상세&t_number=81,https://image.oliveyoung.co.kr/cfimages/cf-goods/uploads/images/thumbnails/10/0000/0020/A00000020722909ko.jpg?l=ko&QT=85&SF=webp&sharpen=1x0.5
에센스/세럼/앰플,한율,[반쪽모공/리필기획] 한율 보들은행잎 모공핏 세럼 기획 40ml 기획,31200,https://www.oliveyoung.co.kr/store/goods/getGoodsDetail.do?goodsNo=A000000206547&dispCatNo=100000100010014&t_page=카테고리관&t_click=에센스/세럼/앰플_전체__상품상세&t_number=82,https://image.oliveyoung.co.kr/cfimages/cf-goods/uploads/images/thumbnails/10/0000/0020/A00000020654726ko.jpg?l=ko&QT=85&SF=webp&sharpen=1x0.5
에센스/세럼/앰플,퍼셀,[아이돌미스트] 퍼셀 247 초유 포어 디펜스 앰플 미스트 55ml,31000,https://www.oliveyoung.co.kr/store/goods/getGoodsDetail.do?goodsNo=A000000200644&dispCatNo=100000100010014&t_page=카테고리관&t_click=에센스/세럼/앰플_전체__상품상세&t_number=83,https://image.oliveyoung.co.kr/cfimages/cf-goods/uploads/images/thumbnails/10/0000/0020/A00000020064405ko.jpg?l=ko&QT=85&SF=webp&sharpen=1x0.5
에센스/세럼/앰플,닥터지,[속광탄력] 닥터지 블랙스네일 레티놀 앰플 50ml 증정 기획 (+링클 마스크팩 1매),19720,https://www.oliveyoung.co.kr/store/goods/getGoodsDetail.do?goodsNo=A000000233328&dispCatNo=100000100010014&t_page=카테고리관&t_click=에센스/세럼/앰플_전체__상품상세&t_number=84,https://image.oliveyoung.co.kr/cfimages/cf-goods/uploads/images/thumbnails/10/0000/0023/A00000023332822ko.jpg?l=ko&QT=85&SF=webp&sharpen=1x0.5
에센스/세럼/앰플,더하르나이,[화잘먹앰플/1+1단독기획]더하르나이 앰플세럼 50ml 리필기획(본품+리필),25600,https://www.oliveyoung.co.kr/store/goods/getGoodsDetail.do?goodsNo=A000000203963&dispCatNo=100000100010014&t_page=카테고리관&t_click=에센스/세럼/앰플_전체__상품상세&t_number=85,https://image.oliveyoung.co.kr/cfimages/cf-goods/uploads/images/thumbnails/10/0000/0020/A00000020396315ko.jpg?l=ko&QT=85&SF=webp&sharpen=1x0.5
에센스/세럼/앰플,코스알엑스,[NCT마크 PICK/트러블피지완화] 코스알엑스 더 나이아신아마이드 15 세럼 20ml,19500,https://www.oliveyoung.co.kr/store/goods/getGoodsDetail.do?goodsNo=A000000180890&dispCatNo=100000100010014&t_page=카테고리관&t_click=에센스/세럼/앰플_전체__상품상세&t_number=86,https://image.oliveyoung.co.kr/cfimages/cf-goods/uploads/images/thumbnails/10/0000/0018/A00000018089002ko.jpg?l=ko&QT=85&SF=webp&sharpen=1x0.5
에센스/세럼/앰플,라운드랩,[속수분앰플] 라운드랩 자작나무 수분 앰플 50ml 기획 (+크림 20ml),15600,https://www.oliveyoung.co.kr/store/goods/getGoodsDetail.do?goodsNo=A000000197362&dispCatNo=100000100010014&t_page=카테고리관&t_click=에센스/세럼/앰플_전체__상품상세&t_number=87,https://image.oliveyoung.co.kr/cfimages/cf-goods/uploads/images/thumbnails/10/0000/0019/A00000019736210ko.jpg?l=ko&QT=85&SF=webp&sharpen=1x0.5
에센스/세럼/앰플,이니스프리,이니스프리 레티놀 그린티 PDRN 스킨부스터 앰플 25ml 기획 (+20ml + 시카 앰플 5ml),29600,https://www.oliveyoung.co.kr/store/goods/getGoodsDetail.do?goodsNo=A000000232910&dispCatNo=100000100010014&t_page=카테고리관&t_click=에센스/세럼/앰플_전체__상품상세&t_number=88,https://image.oliveyoung.co.kr/cfimages/cf-goods/uploads/images/thumbnails/10/0000/0023/A00000023291009ko.jpg?l=ko&QT=85&SF=webp&sharpen=1x0.5
에센스/세럼/앰플,오어스,[총120ml 대용량 / 히알코팅] 오어스 히알루론시카 7초 세럼 인 앰플 105ml 기획(+15ml),21600,https://www.oliveyoung.co.kr/store/goods/getGoodsDetail.do?goodsNo=A000000200353&dispCatNo=100000100010014&t_page=카테고리관&t_click=에센스/세럼/앰플_전체__상품상세&t_number=89,https://image.oliveyoung.co.kr/cfimages/cf-goods/uploads/images/thumbnails/10/0000/0020/A00000020035356ko.jpg?l=ko&QT=85&SF=webp&sharpen=1x0.5
에센스/세럼/앰플,차앤박,차앤박(CNP) 프로폴리스 액티브 앰플 더블기획(15ml+15ml),20800,https://www.oliveyoung.co.kr/store/goods/getGoodsDetail.do?goodsNo=A000000203907&dispCatNo=100000100010014&t_page=카테고리관&t_click=에센스/세럼/앰플_전체__상품상세&t_number=90,https://image.oliveyoung.co.kr/cfimages/cf-goods/uploads/images/thumbnails/10/0000/0020/A00000020390703ko.jpg?l=ko&QT=85&SF=webp&sharpen=1x0.5
에센스/세럼/앰플,메디큐브,[인공눈물세럼/미백원액세럼][NEW]메디큐브 PDRN 핑크 원데이 세럼(1.5ml*10ea),14000,https://www.oliveyoung.co.kr/store/goods/getGoodsDetail.do?goodsNo=A000000219676&dispCatNo=100000100010014&t_page=카테고리관&t_click=에센스/세럼/앰플_전체__상품상세&t_number=91,https://image.oliveyoung.co.kr/cfimages/cf-goods/uploads/images/thumbnails/10/0000/0021/A00000021967603ko.jpg?l=ko&QT=85&SF=webp&sharpen=1x0.5
에센스/세럼/앰플,닥터지,[1+1/대용량] 닥터지 레드 블레미쉬 클리어 히알 시카 수딩 세럼 50ml + 50ml 리필 기획,27100,https://www.oliveyoung.co.kr/store/goods/getGoodsDetail.do?goodsNo=A000000224319&dispCatNo=100000100010014&t_page=카테고리관&t_click=에센스/세럼/앰플_전체__상품상세&t_number=92,https://image.oliveyoung.co.kr/cfimages/cf-goods/uploads/images/thumbnails/10/0000/0022/A00000022431924ko.jpg?l=ko&QT=85&SF=webp&sharpen=1x0.5
에센스/세럼/앰플,메디힐,[단독기획] 메디힐 티트리 진정 수분 앰플 50ml+23ml 증정 기획,19800,https://www.oliveyoung.co.kr/store/goods/getGoodsDetail.do?goodsNo=A000000183715&dispCatNo=100000100010014&t_page=카테고리관&t_click=에센스/세럼/앰플_전체__상품상세&t_number=93,https://image.oliveyoung.co.kr/cfimages/cf-goods/uploads/images/thumbnails/10/0000/0018/A00000018371520ko.jpg?l=ko&QT=85&SF=webp&sharpen=1x0.5
에센스/세럼/앰플,바이오힐보,[탄력앰플] 바이오힐 보 프로바이오덤 3D 리프팅 앰플 30ml [단품/증정기획],26200,https://www.oliveyoung.co.kr/store/goods/getGoodsDetail.do?goodsNo=A000000198339&dispCatNo=100000100010014&t_page=카테고리관&t_click=에센스/세럼/앰플_전체__상품상세&t_number=94,https://image.oliveyoung.co.kr/cfimages/cf-goods/uploads/images/thumbnails/10/0000/0019/A00000019833906ko.jpg?l=ko&QT=85&SF=webp&sharpen=1x0.5
에센스/세럼/앰플,파티온,[대용량/트러블1등] 파티온 노스카나인 트러블 세럼 50ml 리필 기획(+리필40ml+크림10ml),54000,https://www.oliveyoung.co.kr/store/goods/getGoodsDetail.do?goodsNo=A000000219609&dispCatNo=100000100010014&t_page=카테고리관&t_click=에센스/세럼/앰플_전체__상품상세&t_number=95,https://image.oliveyoung.co.kr/cfimages/cf-goods/uploads/images/thumbnails/10/0000/0021/A00000021960906ko.png?l=ko&QT=100&SF=webp&sharpen=1x0.5
에센스/세럼/앰플,아이오페,[PDRN/물광플럼핑] 아이오페 XMD 스템3 클리니컬 리커버리 세럼 30ml 기획 (+세럼 5ml +크림 5ml),53550,https://www.oliveyoung.co.kr/store/goods/getGoodsDetail.do?goodsNo=A000000229490&dispCatNo=100000100010014&t_page=카테고리관&t_click=에센스/세럼/앰플_전체__상품상세&t_number=96,https://image.oliveyoung.co.kr/cfimages/cf-goods/uploads/images/thumbnails/10/0000/0022/A00000022949017ko.jpg?l=ko&QT=85&SF=webp&sharpen=1x0.5
에센스/세럼/앰플,키엘,키엘 클리어리 코렉티브 다크 스팟 솔루션 30ml,81180,https://www.oliveyoung.co.kr/store/goods/getGoodsDetail.do?goodsNo=A000000214258&dispCatNo=100000100010014&t_page=카테고리관&t_click=에센스/세럼/앰플_전체__상품상세&t_number=97,https://image.oliveyoung.co.kr/cfimages/cf-goods/uploads/images/thumbnails/10/0000/0021/A00000021425813ko.jpg?l=ko&QT=85&SF=webp&sharpen=1x0.5
에센스/세럼/앰플,넘버즈인,[모공+피부결] 넘버즈인 3번 보들보들 결 세럼 80ml 기획(+3번 결 세럼팩),25600,https://www.oliveyoung.co.kr/store/goods/getGoodsDetail.do?goodsNo=A000000182627&dispCatNo=100000100010014&t_page=카테고리관&t_click=에센스/세럼/앰플_전체__상품상세&t_number=98,https://image.oliveyoung.co.kr/cfimages/cf-goods/uploads/images/thumbnails/10/0000/0018/A00000018262710ko.jpg?l=ko&QT=85&SF=webp&sharpen=1x0.5
에센스/세럼/앰플,러븀,[1+1/리뷰이벤트][광채톤업세럼] 러븀 그린 시트러스 비타민 씨 세럼 플러스 30ml,21300,https://www.oliveyoung.co.kr/store/goods/getGoodsDetail.do?goodsNo=A000000236324&dispCatNo=100000100010014&t_page=카테고리관&t_click=에센스/세럼/앰플_전체__상품상세&t_number=99,https://image.oliveyoung.co.kr/cfimages/cf-goods/uploads/images/thumbnails/10/0000/0023/A00000023632414ko.jpg?l=ko&QT=85&SF=webp&sharpen=1x0.5
에센스/세럼/앰플,아이소이,[응급스팟] 아이소이 아크니닥터 1st 스피디 스팟 14ml 기획 (14ml+응급패드 4매),24800,https://www.oliveyoung.co.kr/store/goods/getGoodsDetail.do?goodsNo=A000000156871&dispCatNo=100000100010014&t_page=카테고리관&t_click=에센스/세럼/앰플_전체__상품상세&t_number=100,https://image.oliveyoung.co.kr/cfimages/cf-goods/uploads/images/thumbnails/10/0000/0015/A00000015687118ko.jpg?l=ko&QT=85&SF=webp&sharpen=1x0.5
에센스/세럼/앰플,아이소이,[로즈PDRN/잡티흔적] 아이소이 브라이트닝 잡티세럼 20ml 더블세트(20ml+20ml),37800,https://www.oliveyoung.co.kr/store/goods/getGoodsDetail.do?goodsNo=A000000234908&dispCatNo=100000100010014&t_page=카테고리관&t_click=에센스/세럼/앰플_전체__상품상세&t_number=101,https://image.oliveyoung.co.kr/cfimages/cf-goods/uploads/images/thumbnails/10/0000/0023/A00000023490802ko.jpg?l=ko&QT=85&SF=webp&sharpen=1x0.5
에센스/세럼/앰플,제로이드,[11월 올영픽] 제로이드 인텐시브 하이드레이팅 앰플 30ml,24100,https://www.oliveyoung.co.kr/store/goods/getGoodsDetail.do?goodsNo=A000000209746&dispCatNo=100000100010014&t_page=카테고리관&t_click=에센스/세럼/앰플_전체__상품상세&t_number=102,https://image.oliveyoung.co.kr/cfimages/cf-goods/uploads/images/thumbnails/10/0000/0020/A00000020974613ko.jpg?l=ko&QT=85&SF=webp&sharpen=1x0.5
에센스/세럼/앰플,마몽드,[붉은흔적*진정] 마몽드 카밍 샷 아줄렌 흔적 수분 앰플 50ml 기획,20400,https://www.oliveyoung.co.kr/store/goods/getGoodsDetail.do?goodsNo=A000000219389&dispCatNo=100000100010014&t_page=카테고리관&t_click=에센스/세럼/앰플_전체__상품상세&t_number=103,https://image.oliveyoung.co.kr/cfimages/cf-goods/uploads/images/thumbnails/10/0000/0021/A00000021938952ko.jpg?l=ko&QT=85&SF=webp&sharpen=1x0.5
에센스/세럼/앰플,조선미녀,[단독/광채케어] 조선미녀 광채프로폴리스세럼 30ml 기획 (+10ml 증정),13600,https://www.oliveyoung.co.kr/store/goods/getGoodsDetail.do?goodsNo=A000000209634&dispCatNo=100000100010014&t_page=카테고리관&t_click=에센스/세럼/앰플_전체__상품상세&t_number=104,https://image.oliveyoung.co.kr/cfimages/cf-goods/uploads/images/thumbnails/10/0000/0020/A00000020963416ko.jpg?l=ko&QT=85&SF=webp&sharpen=1x0.5
에센스/세럼/앰플,아렌시아,[잡티프리/유리알광채] 아렌시아 홀리 히솝 세럼 30 50g 기획 (+스파츌라 팩브러쉬),28600,https://www.oliveyoung.co.kr/store/goods/getGoodsDetail.do?goodsNo=A000000214195&dispCatNo=100000100010014&t_page=카테고리관&t_click=에센스/세럼/앰플_전체__상품상세&t_number=105,https://image.oliveyoung.co.kr/cfimages/cf-goods/uploads/images/thumbnails/10/0000/0021/A00000021419509ko.jpg?l=ko&QT=85&SF=webp&sharpen=1x0.5
에센스/세럼/앰플,아렌시아,[화잘먹/모공탄력] 아렌시아 젤리세럼 레드 스무디 세럼 30 50g 기획 (+20g),28600,https://www.oliveyoung.co.kr/store/goods/getGoodsDetail.do?goodsNo=A000000226471&dispCatNo=100000100010014&t_page=카테고리관&t_click=에센스/세럼/앰플_전체__상품상세&t_number=106,https://image.oliveyoung.co.kr/cfimages/cf-goods/uploads/images/thumbnails/10/0000/0022/A00000022647105ko.jpg?l=ko&QT=85&SF=webp&sharpen=1x0.5
에센스/세럼/앰플,메디큐브,[흔적미백] 메디큐브 연어 PDRN 핑크 앰플 30ml,19900,https://www.oliveyoung.co.kr/store/goods/getGoodsDetail.do?goodsNo=A000000209515&dispCatNo=100000100010014&t_page=카테고리관&t_click=에센스/세럼/앰플_전체__상품상세&t_number=107,https://image.oliveyoung.co.kr/cfimages/cf-goods/uploads/images/thumbnails/10/0000/0020/A00000020951522ko.jpg?l=ko&QT=85&SF=webp&sharpen=1x0.5
에센스/세럼/앰플,아비브,아비브 글루타치온좀 잡티 세럼 비타 드롭 50ml 더블 기획,48000,https://www.oliveyoung.co.kr/store/goods/getGoodsDetail.do?goodsNo=A000000232438&dispCatNo=100000100010014&t_page=카테고리관&t_click=에센스/세럼/앰플_전체__상품상세&t_number=108,https://image.oliveyoung.co.kr/cfimages/cf-goods/uploads/images/thumbnails/10/0000/0023/A00000023243806ko.png?l=ko&QT=100&SF=webp&sharpen=1x0.5
에센스/세럼/앰플,코스알엑스,[NCT마크 PICK/결광케어] 코스알엑스 더 6 펩타이드 스킨 부스터 세럼 150ml 기획 (+30mL),19500,https://www.oliveyoung.co.kr/store/goods/getGoodsDetail.do?goodsNo=A000000204071&dispCatNo=100000100010014&t_page=카테고리관&t_click=에센스/세럼/앰플_전체__상품상세&t_number=109,https://image.oliveyoung.co.kr/cfimages/cf-goods/uploads/images/thumbnails/10/0000/0020/A00000020407154ko.jpg?l=ko&QT=85&SF=webp&sharpen=1x0.5
에센스/세럼/앰플,코스알엑스,[NCT마크 PICK/흔적케어] 코스알엑스 더 알파 - 알부틴 세럼 50ml (펩타이드세럼 30ml증정),19500,https://www.oliveyoung.co.kr/store/goods/getGoodsDetail.do?goodsNo=A000000222797&dispCatNo=100000100010014&t_page=카테고리관&t_click=에센스/세럼/앰플_전체__상품상세&t_number=110,https://image.oliveyoung.co.kr/cfimages/cf-goods/uploads/images/thumbnails/10/0000/0022/A00000022279708ko.jpg?l=ko&QT=85&SF=webp&sharpen=1x0.5
에센스/세럼/앰플,바이오힐보,[흔적앰플] 바이오힐 보 판테셀 리페어 시카좀 앰플 30ml,23000,https://www.oliveyoung.co.kr/store/goods/getGoodsDetail.do?goodsNo=A000000224488&dispCatNo=100000100010014&t_page=카테고리관&t_click=에센스/세럼/앰플_전체__상품상세&t_number=111,
에센스/세럼/앰플,메디힐,메디힐 비타민씨 브라이트닝 세럼 40ml,14600,https://www.oliveyoung.co.kr/store/goods/getGoodsDetail.do?goodsNo=A000000192699&dispCatNo=100000100010014&t_page=카테고리관&t_click=에센스/세럼/앰플_전체__상품상세&t_number=112,https://image.oliveyoung.co.kr/cfimages/cf-goods/uploads/images/thumbnails/10/0000/0019/A00000019269926ko.jpg?l=ko&QT=85&SF=webp&sharpen=1x0.5
에센스/세럼/앰플,리쥬란,[11월 올영픽/모공PDRN]리쥬란 더마 힐러 포어 타이트닝 앰플 30ml 한정수량 기획(+앰플10ml+패드 2매*5),27300,https://www.oliveyoung.co.kr/store/goods/getGoodsDetail.do?goodsNo=A000000232117&dispCatNo=100000100010014&t_page=카테고리관&t_click=에센스/세럼/앰플_전체__상품상세&t_number=113,https://image.oliveyoung.co.kr/cfimages/cf-goods/uploads/images/thumbnails/10/0000/0023/A00000023211717ko.jpg?l=ko&QT=85&SF=webp&sharpen=1x0.5
에센스/세럼/앰플,아비브,[채서안PICK/3일잡티세럼] 아비브 글루타치온좀 잡티 세럼 비타 드롭 50ml 기획 (+20ml),22400,https://www.oliveyoung.co.kr/store/goods/getGoodsDetail.do?goodsNo=A000000219550&dispCatNo=100000100010014&t_page=카테고리관&t_click=에센스/세럼/앰플_전체__상품상세&t_number=114,https://image.oliveyoung.co.kr/cfimages/cf-goods/uploads/images/thumbnails/10/0000/0021/A00000021955017ko.png?l=ko&QT=100&SF=webp&sharpen=1x0.5
에센스/세럼/앰플,메이크프렘,[수분진정/단독기획] 메이크프렘 히알 인테카 속수분 앰플 40ml 기획(+리필 40ml),18900,https://www.oliveyoung.co.kr/store/goods/getGoodsDetail.do?goodsNo=A000000225616&dispCatNo=100000100010014&t_page=카테고리관&t_click=에센스/세럼/앰플_전체__상품상세&t_number=115,https://image.oliveyoung.co.kr/cfimages/cf-goods/uploads/images/thumbnails/10/0000/0022/A00000022561658ko.jpg?l=ko&QT=85&SF=webp&sharpen=1x0.5
에센스/세럼/앰플,리쥬란,[c-PDRN] 리쥬란 힐러 턴오버 앰플 듀얼 이펙트 10ml 더블 한정기획(+앰플5ml+V타이터 마스크 1매),50000,https://www.oliveyoung.co.kr/store/goods/getGoodsDetail.do?goodsNo=A000000235067&dispCatNo=100000100010014&t_page=카테고리관&t_click=에센스/세럼/앰플_전체__상품상세&t_number=116,https://image.oliveyoung.co.kr/cfimages/cf-goods/uploads/images/thumbnails/10/0000/0023/A00000023506708ko.jpg?l=ko&QT=85&SF=webp&sharpen=1x0.5
에센스/세럼/앰플,차앤박,[대용량한정기획] 차앤박 프로폴리스 트리트먼트 앰플 에센스 300ml (아따맘마 에디션),33900,https://www.oliveyoung.co.kr/store/goods/getGoodsDetail.do?goodsNo=A000000233740&dispCatNo=100000100010014&t_page=카테고리관&t_click=에센스/세럼/앰플_전체__상품상세&t_number=117,https://image.oliveyoung.co.kr/cfimages/cf-goods/uploads/images/thumbnails/10/0000/0023/A00000023374023ko.jpg?l=ko&QT=85&SF=webp&sharpen=1x0.5
에센스/세럼/앰플,토리든,[단독기획] 토리든 다이브인 저분자 히알루론산 세럼 50ml 기획(+멀티패드 10매),22000,https://www.oliveyoung.co.kr/store/goods/getGoodsDetail.do?goodsNo=A000000190326&dispCatNo=100000100010014&t_page=카테고리관&t_click=에센스/세럼/앰플_전체__상품상세&t_number=118,
에센스/세럼/앰플,아이오페,아이오페 비타민C 엑스퍼트 25% 항산화 토닝 앰플 23ml 기획 (+필패드 1매 + 선앰플 10ml),44000,https://www.oliveyoung.co.kr/store/goods/getGoodsDetail.do?goodsNo=A000000222860&dispCatNo=100000100010014&t_page=카테고리관&t_click=에센스/세럼/앰플_전체__상품상세&t_number=119,https://image.oliveyoung.co.kr/cfimages/cf-goods/uploads/images/thumbnails/10/0000/0022/A00000022286001ko.jpg?l=ko&QT=85&SF=webp&sharpen=1x0.5
에센스/세럼/앰플,아누아,[화해1위] 아누아 피디알엔 히알루론산 캡슐 100 세럼 1ml*10ea,15000,https://www.oliveyoung.co.kr/store/goods/getGoodsDetail.do?goodsNo=A000000210654&dispCatNo=100000100010014&t_page=카테고리관&t_click=에센스/세럼/앰플_전체__상품상세&t_number=120,https://image.oliveyoung.co.kr/cfimages/cf-goods/uploads/images/thumbnails/10/0000/0021/A00000021065415ko.jpg?l=ko&QT=85&SF=webp&sharpen=1x0.5
토너,라네즈,[미스트 기획/화잘먹] 라네즈 크림스킨 170ml 리필기획 (+170ml 리필+50ml+미스트펌프),26400,https://www.oliveyoung.co.kr/store/goods/getGoodsDetail.do?goodsNo=A000000233879&dispCatNo=100000100010013&t_page=카테고리관&t_click=스킨/토너_전체__상품상세&t_number=1,https://image.oliveyoung.co.kr/cfimages/cf-goods/uploads/images/thumbnails/10/0000/0023/A00000023387943ko.jpg?l=ko&QT=85&SF=webp&sharpen=1x0.5
토너,바이오더마,[11월 올영픽] 바이오더마 하이드라비오 토너 500ml 기획(+화장솜 20매 증정),26900,https://www.oliveyoung.co.kr/store/goods/getGoodsDetail.do?goodsNo=A000000184916&dispCatNo=100000100010013&t_page=카테고리관&t_click=스킨/토너_전체__상품상세&t_number=2,
토너,토리든,[증량기획] 토리든 다이브인 저분자 히알루론산 토너 300ml 기획(+100ml 추가 증정),14920,https://www.oliveyoung.co.kr/store/goods/getGoodsDetail.do?goodsNo=A000000170266&dispCatNo=100000100010013&t_page=카테고리관&t_click=스킨/토너_전체__상품상세&t_number=3,https://image.oliveyoung.co.kr/cfimages/cf-goods/uploads/images/thumbnails/10/0000/0017/A00000017026613ko.jpg?l=ko&QT=85&SF=webp&sharpen=1x0.5
토너,브링그린,[피지쓱싹] 브링그린 티트리시카수딩토너 250mL/500mL 기획,13500,https://www.oliveyoung.co.kr/store/goods/getGoodsDetail.do?goodsNo=A000000189181&dispCatNo=100000100010013&t_page=카테고리관&t_click=스킨/토너_전체__상품상세&t_number=4,https://image.oliveyoung.co.kr/cfimages/cf-goods/uploads/images/thumbnails/10/0000/0018/A00000018918135ko.jpg?l=ko&QT=85&SF=webp&sharpen=1x0.5
토너,마녀공장,[대용량/총500ml] 마녀공장 비피다 바이옴 앰플 토너 400ml+100ml 기획,17500,https://www.oliveyoung.co.kr/store/goods/getGoodsDetail.do?goodsNo=A000000148285&dispCatNo=100000100010013&t_page=카테고리관&t_click=스킨/토너_전체__상품상세&t_number=5,https://image.oliveyoung.co.kr/cfimages/cf-goods/uploads/images/thumbnails/10/0000/0014/A00000014828525ko.jpg?l=ko&QT=85&SF=webp&sharpen=1x0.5
토너,웰라쥬,[첫수분토너/대용량] 웰라쥬 리얼 히알루로닉 100 토너 300ml 기획 (+화장솜 60매),19600,https://www.oliveyoung.co.kr/store/goods/getGoodsDetail.do?goodsNo=A000000188874&dispCatNo=100000100010013&t_page=카테고리관&t_click=스킨/토너_전체__상품상세&t_number=6,https://image.oliveyoung.co.kr/cfimages/cf-goods/uploads/images/thumbnails/10/0000/0018/A00000018887447ko.jpg?l=ko&QT=85&SF=webp&sharpen=1x0.5
토너,넘버즈인,[쿨링진정]넘버즈인 1번 진정 맑게담은 청초토너 300ml 리필기획(+300ml 증정),27000,https://www.oliveyoung.co.kr/store/goods/getGoodsDetail.do?goodsNo=A000000190395&dispCatNo=100000100010013&t_page=카테고리관&t_click=스킨/토너_전체__상품상세&t_number=7,https://image.oliveyoung.co.kr/cfimages/cf-goods/uploads/images/thumbnails/10/0000/0019/A00000019039518ko.jpg?l=ko&QT=85&SF=webp&sharpen=1x0.5
토너,에스트라,에스트라 에이시카365 수분토너 pH4.5 200ml,24900,https://www.oliveyoung.co.kr/store/goods/getGoodsDetail.do?goodsNo=A000000218549&dispCatNo=100000100010013&t_page=카테고리관&t_click=스킨/토너_전체__상품상세&t_number=8,https://image.oliveyoung.co.kr/cfimages/cf-goods/uploads/images/thumbnails/10/0000/0021/A00000021854909ko.jpg?l=ko&QT=85&SF=webp&sharpen=1x0.5
토너,라로슈포제,라로슈포제 시카플라스트 로션 B5 판테놀 시카에센스 토너 200ml,36000,https://www.oliveyoung.co.kr/store/goods/getGoodsDetail.do?goodsNo=A000000159921&dispCatNo=100000100010013&t_page=카테고리관&t_click=스킨/토너_전체__상품상세&t_number=9,
토너,넘버즈인,[모공개선/탄력광채] 넘버즈인 3번 결광가득 에센스 토너 300ml 대용량 기획,23000,https://www.oliveyoung.co.kr/store/goods/getGoodsDetail.do?goodsNo=A000000173589&dispCatNo=100000100010013&t_page=카테고리관&t_click=스킨/토너_전체__상품상세&t_number=10,https://image.oliveyoung.co.kr/cfimages/cf-goods/uploads/images/thumbnails/10/0000/0017/A00000017358913ko.jpg?l=ko&QT=85&SF=webp&sharpen=1x0.5
토너,제로이드,[11월 올영픽] 제로이드 인텐시브 크림 토너 200ml,25800,https://www.oliveyoung.co.kr/store/goods/getGoodsDetail.do?goodsNo=A000000209908&dispCatNo=100000100010013&t_page=카테고리관&t_click=스킨/토너_전체__상품상세&t_number=11,https://image.oliveyoung.co.kr/cfimages/cf-goods/uploads/images/thumbnails/10/0000/0020/A00000020990802ko.jpg?l=ko&QT=85&SF=webp&sharpen=1x0.5
토너,아누아,아누아 피디알엔 100 히알루론산 부스터 토너 250ml 기획세트 (+40ml),16900,https://www.oliveyoung.co.kr/store/goods/getGoodsDetail.do?goodsNo=A000000231891&dispCatNo=100000100010013&t_page=카테고리관&t_click=스킨/토너_전체__상품상세&t_number=12,https://image.oliveyoung.co.kr/cfimages/cf-goods/uploads/images/thumbnails/10/0000/0023/A00000023189114ko.jpg?l=ko&QT=85&SF=webp&sharpen=1x0.5
토너,달바,[미백/잡티케어] 달바 비타 토닝 세럼 토너 180ml,19900,https://www.oliveyoung.co.kr/store/goods/getGoodsDetail.do?goodsNo=A000000223425&dispCatNo=100000100010013&t_page=카테고리관&t_click=스킨/토너_전체__상품상세&t_number=13,https://image.oliveyoung.co.kr/cfimages/cf-goods/uploads/images/thumbnails/10/0000/0022/A00000022342514ko.png?l=ko&QT=100&SF=webp&sharpen=1x0.5
토너,라운드랩,[한정] 라운드랩 1025 독도 토너 300ml 기획 (+100ml+늘어나는 스킨 패드 30매),21900,https://www.oliveyoung.co.kr/store/goods/getGoodsDetail.do?goodsNo=A000000232513&dispCatNo=100000100010013&t_page=카테고리관&t_click=스킨/토너_전체__상품상세&t_number=14,
토너,아누아,아누아 어성초 77 수딩 토너 250ml 기획 (+로션100ml),19900,https://www.oliveyoung.co.kr/store/goods/getGoodsDetail.do?goodsNo=A000000216350&dispCatNo=100000100010013&t_page=카테고리관&t_click=스킨/토너_전체__상품상세&t_number=15,https://image.oliveyoung.co.kr/cfimages/cf-goods/uploads/images/thumbnails/10/0000/0021/A00000021635007ko.png?l=ko&QT=100&SF=webp&sharpen=1x0.5
토너,에스네이처,[수분진정/화해1위] 에스네이처 아쿠아 오아시스 토너 300ml 기획 (+수분크림 30ml),18900,https://www.oliveyoung.co.kr/store/goods/getGoodsDetail.do?goodsNo=A000000213171&dispCatNo=100000100010013&t_page=카테고리관&t_click=스킨/토너_전체__상품상세&t_number=16,https://image.oliveyoung.co.kr/cfimages/cf-goods/uploads/images/thumbnails/10/0000/0021/A000000213171106ko.jpg?l=ko&QT=85&SF=webp&sharpen=1x0.5
토너,라운드랩,[1등토너] 라운드랩 1025 독도 토너 200ml 기획 (+50ml),15000,https://www.oliveyoung.co.kr/store/goods/getGoodsDetail.do?goodsNo=A000000132162&dispCatNo=100000100010013&t_page=카테고리관&t_click=스킨/토너_전체__상품상세&t_number=17,https://image.oliveyoung.co.kr/cfimages/cf-goods/uploads/images/thumbnails/10/0000/0013/A00000013216235ko.jpg?l=ko&QT=85&SF=webp&sharpen=1x0.5
토너,아비브,[수분진정] 아비브 어성초 카밍 토너 스킨부스터 더블 기획 (200ml+200ml),39000,https://www.oliveyoung.co.kr/store/goods/getGoodsDetail.do?goodsNo=A000000155253&dispCatNo=100000100010013&t_page=카테고리관&t_click=스킨/토너_전체__상품상세&t_number=18,https://image.oliveyoung.co.kr/cfimages/cf-goods/uploads/images/thumbnails/10/0000/0015/A00000015525324ko.png?l=ko&QT=100&SF=webp&sharpen=1x0.5
토너,폴라초이스,[바르는각질제거제]폴라초이스 스킨 퍼펙팅 바하 리퀴드 118ml,28000,https://www.oliveyoung.co.kr/store/goods/getGoodsDetail.do?goodsNo=A000000144042&dispCatNo=100000100010013&t_page=카테고리관&t_click=스킨/토너_전체__상품상세&t_number=19,https://image.oliveyoung.co.kr/cfimages/cf-goods/uploads/images/thumbnails/10/0000/0014/A00000014404213ko.jpg?l=ko&QT=85&SF=webp&sharpen=1x0.5
토너,유리아쥬,[온라인몰 단독기획]유리아쥬 제모스 토너 500ml 2입 기획,45600,https://www.oliveyoung.co.kr/store/goods/getGoodsDetail.do?goodsNo=A000000206025&dispCatNo=100000100010013&t_page=카테고리관&t_click=스킨/토너_전체__상품상세&t_number=20,https://image.oliveyoung.co.kr/cfimages/cf-goods/uploads/images/thumbnails/10/0000/0020/A00000020602503ko.jpg?l=ko&QT=85&SF=webp&sharpen=1x0.5
토너,인터미션,[단독기획]인터미션 레스트업 세럼스킨 290ml,23100,https://www.oliveyoung.co.kr/store/goods/getGoodsDetail.do?goodsNo=A000000210924&dispCatNo=100000100010013&t_page=카테고리관&t_click=스킨/토너_전체__상품상세&t_number=21,https://image.oliveyoung.co.kr/cfimages/cf-goods/uploads/images/thumbnails/10/0000/0021/A00000021092407ko.jpg?l=ko&QT=85&SF=webp&sharpen=1x0.5
토너,더랩바이블랑두,[속보습] 더랩바이블랑두 저분자 히알루론산 딥 토너 200ml + 50ml 기획,15990,https://www.oliveyoung.co.kr/store/goods/getGoodsDetail.do?goodsNo=A000000189488&dispCatNo=100000100010013&t_page=카테고리관&t_click=스킨/토너_전체__상품상세&t_number=22,https://image.oliveyoung.co.kr/cfimages/cf-goods/uploads/images/thumbnails/10/0000/0018/A00000018948820ko.jpg?l=ko&QT=85&SF=webp&sharpen=1x0.5
토너,라운드랩,[수분생기] 라운드랩 자작나무 수분 토너 1+1 기획 (300ml+300ml),24000,https://www.oliveyoung.co.kr/store/goods/getGoodsDetail.do?goodsNo=A000000157178&dispCatNo=100000100010013&t_page=카테고리관&t_click=스킨/토너_전체__상품상세&t_number=23,https://image.oliveyoung.co.kr/cfimages/cf-goods/uploads/images/thumbnails/10/0000/0015/A00000015717818ko.jpg?l=ko&QT=85&SF=webp&sharpen=1x0.5
토너,비오템,비오템 옴므 아쿠아파워 토너 200ml,49600,https://www.oliveyoung.co.kr/store/goods/getGoodsDetail.do?goodsNo=A000000137445&dispCatNo=100000100010013&t_page=카테고리관&t_click=스킨/토너_전체__상품상세&t_number=24,https://image.oliveyoung.co.kr/cfimages/cf-goods/uploads/images/thumbnails/10/0000/0013/A00000013744513ko.jpg?l=ko&QT=85&SF=webp&sharpen=1x0.5
토너,파티온,[속건조해결] 파티온 포도당 하이드로 에센스토너 300ml 더블 기획(2개입),32000,https://www.oliveyoung.co.kr/store/goods/getGoodsDetail.do?goodsNo=A000000222849&dispCatNo=100000100010013&t_page=카테고리관&t_click=스킨/토너_전체__상품상세&t_number=25,https://image.oliveyoung.co.kr/cfimages/cf-goods/uploads/images/thumbnails/10/0000/0022/A00000022284909ko.jpg?l=ko&QT=85&SF=webp&sharpen=1x0.5
토너,토리든,토리든 다이브인 저분자 히알루론산 스킨 부스터 200ml,14400,https://www.oliveyoung.co.kr/store/goods/getGoodsDetail.do?goodsNo=A000000228350&dispCatNo=100000100010013&t_page=카테고리관&t_click=스킨/토너_전체__상품상세&t_number=26,https://image.oliveyoung.co.kr/cfimages/cf-goods/uploads/images/thumbnails/10/0000/0022/A00000022835001ko.jpg?l=ko&QT=85&SF=webp&sharpen=1x0.5
토너,브링그린,[온라인단독] 브링그린 티트리시카수딩 토너 & 크림 세트,20500,https://www.oliveyoung.co.kr/store/goods/getGoodsDetail.do?goodsNo=A000000188990&dispCatNo=100000100010013&t_page=카테고리관&t_click=스킨/토너_전체__상품상세&t_number=27,https://image.oliveyoung.co.kr/cfimages/cf-goods/uploads/images/thumbnails/10/0000/0018/A00000018899002ko.jpg?l=ko&QT=85&SF=webp&sharpen=1x0.5
토너,메이크프렘,메이크프렘 인테카 진정 토너 200ml 기획(+리필 100ml+크림 31ml),18720,https://www.oliveyoung.co.kr/store/goods/getGoodsDetail.do?goodsNo=A000000181475&dispCatNo=100000100010013&t_page=카테고리관&t_click=스킨/토너_전체__상품상세&t_number=28,https://image.oliveyoung.co.kr/cfimages/cf-goods/uploads/images/thumbnails/10/0000/0018/A00000018147507ko.jpg?l=ko&QT=85&SF=webp&sharpen=1x0.5
토너,디오디너리,[각질쓱싹] 디오디너리 글리코릭 애시드 7% 엑스폴리에이팅 토너 100ml,10900,https://www.oliveyoung.co.kr/store/goods/getGoodsDetail.do?goodsNo=A000000223627&dispCatNo=100000100010013&t_page=카테고리관&t_click=스킨/토너_전체__상품상세&t_number=29,https://image.oliveyoung.co.kr/cfimages/cf-goods/uploads/images/thumbnails/10/0000/0022/A00000022362703ko.jpg?l=ko&QT=85&SF=webp&sharpen=1x0.5
토너,성분에디터,[수분진정/모공케어] 성분에디터 그린토마토 NMN 포어 하이드로 수딩 토너 350g 기획(+120g),23000,https://www.oliveyoung.co.kr/store/goods/getGoodsDetail.do?goodsNo=A000000235207&dispCatNo=100000100010013&t_page=카테고리관&t_click=스킨/토너_전체__상품상세&t_number=30,https://image.oliveyoung.co.kr/cfimages/cf-goods/uploads/images/thumbnails/10/0000/0023/A00000023520702ko.jpg?l=ko&QT=85&SF=webp&sharpen=1x0.5
토너,토니모리,토니모리 원더 세라마이드 모찌 토너 500ml 기획 (+100ml +크림 30ml),13600,https://www.oliveyoung.co.kr/store/goods/getGoodsDetail.do?goodsNo=A000000224086&dispCatNo=100000100010013&t_page=카테고리관&t_click=스킨/토너_전체__상품상세&t_number=31,https://image.oliveyoung.co.kr/cfimages/cf-goods/uploads/images/thumbnails/10/0000/0022/A00000022408612ko.jpg?l=ko&QT=85&SF=webp&sharpen=1x0.5
토너,라운드랩,[1등토너/리필] 라운드랩 1025 독도 토너 200ml 리필팩,11900,https://www.oliveyoung.co.kr/store/goods/getGoodsDetail.do?goodsNo=A000000214992&dispCatNo=100000100010013&t_page=카테고리관&t_click=스킨/토너_전체__상품상세&t_number=32,https://image.oliveyoung.co.kr/cfimages/cf-goods/uploads/images/thumbnails/10/0000/0021/A00000021499203ko.jpg?l=ko&QT=85&SF=webp&sharpen=1x0.5
토너,키엘,키엘 칼렌듈라 허벌 엑스트렉트 토너 250ml,52480,https://www.oliveyoung.co.kr/store/goods/getGoodsDetail.do?goodsNo=A000000214134&dispCatNo=100000100010013&t_page=카테고리관&t_click=스킨/토너_전체__상품상세&t_number=33,https://image.oliveyoung.co.kr/cfimages/cf-goods/uploads/images/thumbnails/10/0000/0021/A00000021413422ko.jpg?l=ko&QT=85&SF=webp&sharpen=1x0.5
토너,바이오더마,바이오더마 세비엄 로션 200ml,32000,https://www.oliveyoung.co.kr/store/goods/getGoodsDetail.do?goodsNo=A000000113195&dispCatNo=100000100010013&t_page=카테고리관&t_click=스킨/토너_전체__상품상세&t_number=34,https://image.oliveyoung.co.kr/cfimages/cf-goods/uploads/images/thumbnails/10/0000/0011/A00000011319514ko.jpg?l=ko&QT=85&SF=webp&sharpen=1x0.5
토너,메이크프렘,메이크프렘 인테카 진정 토너 200ml,14630,https://www.oliveyoung.co.kr/store/goods/getGoodsDetail.do?goodsNo=A000000176320&dispCatNo=100000100010013&t_page=카테고리관&t_click=스킨/토너_전체__상품상세&t_number=35,https://image.oliveyoung.co.kr/cfimages/cf-goods/uploads/images/thumbnails/10/0000/0017/A00000017632007ko.jpg?l=ko&QT=85&SF=webp&sharpen=1x0.5
토너,닥터지,[속보습] 닥터지 더모이스처 배리어 D 리퀴드 토너 200ml 기획 (+100ml),31000,https://www.oliveyoung.co.kr/store/goods/getGoodsDetail.do?goodsNo=A000000198874&dispCatNo=100000100010013&t_page=카테고리관&t_click=스킨/토너_전체__상품상세&t_number=36,https://image.oliveyoung.co.kr/cfimages/cf-goods/uploads/images/thumbnails/10/0000/0019/A00000019887407ko.jpg?l=ko&QT=85&SF=webp&sharpen=1x0.5
토너,토리든,[증정기획/대용량] 토리든 다이브인 저분자 히알루론산 토너 500ml 기획 (+화장솜 60매 증정),29000,https://www.oliveyoung.co.kr/store/goods/getGoodsDetail.do?goodsNo=A000000180474&dispCatNo=100000100010013&t_page=카테고리관&t_click=스킨/토너_전체__상품상세&t_number=37,https://image.oliveyoung.co.kr/cfimages/cf-goods/uploads/images/thumbnails/10/0000/0018/A00000018047415ko.jpg?l=ko&QT=85&SF=webp&sharpen=1x0.5
토너,바이오힐보,[탄력토너] 바이오힐 보 프로바이오덤 3D 리프팅 에센셜 토너 150ml,20000,https://www.oliveyoung.co.kr/store/goods/getGoodsDetail.do?goodsNo=A000000203207&dispCatNo=100000100010013&t_page=카테고리관&t_click=스킨/토너_전체__상품상세&t_number=38,https://image.oliveyoung.co.kr/cfimages/cf-goods/uploads/images/thumbnails/10/0000/0020/A00000020320705ko.jpg?l=ko&QT=85&SF=webp&sharpen=1x0.5
토너,마몽드,[대용량/수분광] 마몽드 플로라 글로우 로즈 워터 토너 500ml,20000,https://www.oliveyoung.co.kr/store/goods/getGoodsDetail.do?goodsNo=A000000221424&dispCatNo=100000100010013&t_page=카테고리관&t_click=스킨/토너_전체__상품상세&t_number=39,https://image.oliveyoung.co.kr/cfimages/cf-goods/uploads/images/thumbnails/10/0000/0022/A00000022142406ko.jpg?l=ko&QT=85&SF=webp&sharpen=1x0.5
토너,메디큐브,[흔적미백]메디큐브 PDRN 핑크 시카 수딩 토너 250ml,26500,https://www.oliveyoung.co.kr/store/goods/getGoodsDetail.do?goodsNo=A000000213492&dispCatNo=100000100010013&t_page=카테고리관&t_click=스킨/토너_전체__상품상세&t_number=40,https://image.oliveyoung.co.kr/cfimages/cf-goods/uploads/images/thumbnails/10/0000/0021/A00000021349201ko.jpg?l=ko&QT=85&SF=webp&sharpen=1x0.5
토너,키엘,키엘 칼렌듈라 허벌 엑스트렉트 토너 (125ml/250ml),27060,https://www.oliveyoung.co.kr/store/goods/getGoodsDetail.do?goodsNo=A000000225063&dispCatNo=100000100010013&t_page=카테고리관&t_click=스킨/토너_전체__상품상세&t_number=41,https://image.oliveyoung.co.kr/cfimages/cf-goods/uploads/images/thumbnails/10/0000/0022/A00000022506342ko.jpg?l=ko&QT=85&SF=webp&sharpen=1x0.5
토너,에스트라,에스트라 테라크네365 하이드로 액티브 토너 200ml,25500,https://www.oliveyoung.co.kr/store/goods/getGoodsDetail.do?goodsNo=A000000182686&dispCatNo=100000100010013&t_page=카테고리관&t_click=스킨/토너_전체__상품상세&t_number=42,https://image.oliveyoung.co.kr/cfimages/cf-goods/uploads/images/thumbnails/10/0000/0018/A00000018268602ko.jpg?l=ko&QT=85&SF=webp&sharpen=1x0.5
토너,피캄,"[대용량, 피지/진정케어] 피캄 베리어 사이클 락토P 토너 500ml",24900,https://www.oliveyoung.co.kr/store/goods/getGoodsDetail.do?goodsNo=A000000171132&dispCatNo=100000100010013&t_page=카테고리관&t_click=스킨/토너_전체__상품상세&t_number=43,https://image.oliveyoung.co.kr/cfimages/cf-goods/uploads/images/thumbnails/10/0000/0017/A00000017113205ko.jpg?l=ko&QT=85&SF=webp&sharpen=1x0.5
토너,더랩바이블랑두,[속보습] 더랩바이블랑두 올리고 히알루론산 딥 토너 500ml 대용량 기획 (+100ml),37000,https://www.oliveyoung.co.kr/store/goods/getGoodsDetail.do?goodsNo=A000000207054&dispCatNo=100000100010013&t_page=카테고리관&t_click=스킨/토너_전체__상품상세&t_number=44,https://image.oliveyoung.co.kr/cfimages/cf-goods/uploads/images/thumbnails/10/0000/0020/A00000020705416ko.jpg?l=ko&QT=85&SF=webp&sharpen=1x0.5
토너,라운드랩,[민감진정] 라운드랩 포 맨 소나무 진정 시카 토너 200ml,17600,https://www.oliveyoung.co.kr/store/goods/getGoodsDetail.do?goodsNo=A000000199153&dispCatNo=100000100010013&t_page=카테고리관&t_click=스킨/토너_전체__상품상세&t_number=45,https://image.oliveyoung.co.kr/cfimages/cf-goods/uploads/images/thumbnails/10/0000/0019/A00000019915301ko.jpg?l=ko&QT=85&SF=webp&sharpen=1x0.5
토너,리얼베리어,리얼베리어 익스트림 에센스 토너 300ml 기획 (+익스트림 크림 25ml),17500,https://www.oliveyoung.co.kr/store/goods/getGoodsDetail.do?goodsNo=A000000213413&dispCatNo=100000100010013&t_page=카테고리관&t_click=스킨/토너_전체__상품상세&t_number=46,https://image.oliveyoung.co.kr/cfimages/cf-goods/uploads/images/thumbnails/10/0000/0021/A00000021341304ko.jpg?l=ko&QT=85&SF=webp&sharpen=1x0.5
토너,한율,[시카보다 4배*강한] 한율 어린쑥 수분진정 토너 150ml,21600,https://www.oliveyoung.co.kr/store/goods/getGoodsDetail.do?goodsNo=A000000183751&dispCatNo=100000100010013&t_page=카테고리관&t_click=스킨/토너_전체__상품상세&t_number=47,https://image.oliveyoung.co.kr/cfimages/cf-goods/uploads/images/thumbnails/10/0000/0018/A00000018375110ko.jpg?l=ko&QT=85&SF=webp&sharpen=1x0.5
토너,플리프,플리프 시카-알로에 앰플 토너 200ml (여드름성피부추천),15400,https://www.oliveyoung.co.kr/store/goods/getGoodsDetail.do?goodsNo=A000000145833&dispCatNo=100000100010013&t_page=카테고리관&t_click=스킨/토너_전체__상품상세&t_number=48,https://image.oliveyoung.co.kr/cfimages/cf-goods/uploads/images/thumbnails/10/0000/0014/A00000014583310ko.jpg?l=ko&QT=85&SF=webp&sharpen=1x0.5
토너,마녀공장,마녀공장 판테토인 에센스 토너 200ml,21000,https://www.oliveyoung.co.kr/store/goods/getGoodsDetail.do?goodsNo=A000000199405&dispCatNo=100000100010013&t_page=카테고리관&t_click=스킨/토너_전체__상품상세&t_number=49,https://image.oliveyoung.co.kr/cfimages/cf-goods/uploads/images/thumbnails/10/0000/0019/A00000019940516ko.jpg?l=ko&QT=85&SF=webp&sharpen=1x0.5
토너,랩시리즈,랩시리즈 클리어 LS 세범 컨트롤 매티파잉 에센스 200ml,61000,https://www.oliveyoung.co.kr/store/goods/getGoodsDetail.do?goodsNo=A000000225492&dispCatNo=100000100010013&t_page=카테고리관&t_click=스킨/토너_전체__상품상세&t_number=50,https://image.oliveyoung.co.kr/cfimages/cf-goods/uploads/images/thumbnails/10/0000/0022/A00000022549201ko.jpg?l=ko&QT=85&SF=webp&sharpen=1x0.5
토너,브링그린,브링그린 대나무히알루수분토너 500mL,18900,https://www.oliveyoung.co.kr/store/goods/getGoodsDetail.do?goodsNo=A000000188048&dispCatNo=100000100010013&t_page=카테고리관&t_click=스킨/토너_전체__상품상세&t_number=51,https://image.oliveyoung.co.kr/cfimages/cf-goods/uploads/images/thumbnails/10/0000/0018/A00000018804812ko.jpg?l=ko&QT=85&SF=webp&sharpen=1x0.5
토너,바이오더마,바이오더마 센시비오 토너 250ml,18850,https://www.oliveyoung.co.kr/store/goods/getGoodsDetail.do?goodsNo=A000000002839&dispCatNo=100000100010013&t_page=카테고리관&t_click=스킨/토너_전체__상품상세&t_number=52,https://image.oliveyoung.co.kr/cfimages/cf-goods/uploads/images/thumbnails/10/0000/0000/A00000000283908ko.jpg?l=ko&QT=85&SF=webp&sharpen=1x0.5
토너,키엘,키엘 울트라 훼이셜 토너 (75ml/250ml),17220,https://www.oliveyoung.co.kr/store/goods/getGoodsDetail.do?goodsNo=A000000225066&dispCatNo=100000100010013&t_page=카테고리관&t_click=스킨/토너_전체__상품상세&t_number=53,https://image.oliveyoung.co.kr/cfimages/cf-goods/uploads/images/thumbnails/10/0000/0022/A00000022506621ko.jpg?l=ko&QT=85&SF=webp&sharpen=1x0.5
토너,스킨1004,스킨1004 마다가스카르 센텔라 토닝토너 210ml,17850,https://www.oliveyoung.co.kr/store/goods/getGoodsDetail.do?goodsNo=A000000161571&dispCatNo=100000100010013&t_page=카테고리관&t_click=스킨/토너_전체__상품상세&t_number=54,https://image.oliveyoung.co.kr/cfimages/cf-goods/uploads/images/thumbnails/10/0000/0016/A00000016157124ko.jpg?l=ko&QT=85&SF=webp&sharpen=1x0.5
토너,풀리,[레이PICK/보습광채] 풀리 쌀 세라 에센스 토너 250ml,27000,https://www.oliveyoung.co.kr/store/goods/getGoodsDetail.do?goodsNo=A000000224246&dispCatNo=100000100010013&t_page=카테고리관&t_click=스킨/토너_전체__상품상세&t_number=55,https://image.oliveyoung.co.kr/cfimages/cf-goods/uploads/images/thumbnails/10/0000/0022/A00000022424611ko.jpg?l=ko&QT=85&SF=webp&sharpen=1x0.5
토너,라운드랩,[수분진정] 라운드랩 포 맨 자작나무 수분 토너 200ml,17010,https://www.oliveyoung.co.kr/store/goods/getGoodsDetail.do?goodsNo=A000000163493&dispCatNo=100000100010013&t_page=카테고리관&t_click=스킨/토너_전체__상품상세&t_number=56,https://image.oliveyoung.co.kr/cfimages/cf-goods/uploads/images/thumbnails/10/0000/0016/A00000016349319ko.jpg?l=ko&QT=85&SF=webp&sharpen=1x0.5
토너,비플레인,[트러블완화/수분진정] 비플레인 시카테롤 토너 200ml,16800,https://www.oliveyoung.co.kr/store/goods/getGoodsDetail.do?goodsNo=A000000179544&dispCatNo=100000100010013&t_page=카테고리관&t_click=스킨/토너_전체__상품상세&t_number=57,https://image.oliveyoung.co.kr/cfimages/cf-goods/uploads/images/thumbnails/10/0000/0017/A00000017954416ko.jpg?l=ko&QT=85&SF=webp&sharpen=1x0.5
토너,넘버즈인,[수딩진정] 넘버즈인 1번 진정 맑게담은 청초토너 300ml 기획 (+1번 패드 10매 증정),26000,https://www.oliveyoung.co.kr/store/goods/getGoodsDetail.do?goodsNo=A000000177757&dispCatNo=100000100010013&t_page=카테고리관&t_click=스킨/토너_전체__상품상세&t_number=58,https://image.oliveyoung.co.kr/cfimages/cf-goods/uploads/images/thumbnails/10/0000/0017/A00000017775723ko.jpg?l=ko&QT=85&SF=webp&sharpen=1x0.5
토너,닥터지,[진정보습] 닥터지 레드 블레미쉬 클리어 모이스처 토너 증정 기획 (토너 300ml+크림30ml),25600,https://www.oliveyoung.co.kr/store/goods/getGoodsDetail.do?goodsNo=A000000174023&dispCatNo=100000100010013&t_page=카테고리관&t_click=스킨/토너_전체__상품상세&t_number=59,https://image.oliveyoung.co.kr/cfimages/cf-goods/uploads/images/thumbnails/10/0000/0017/A00000017402309ko.jpg?l=ko&QT=85&SF=webp&sharpen=1x0.5
토너,디오디너리,[각질쓱싹] 디오디너리 글리코릭 애시드 7% 엑스폴리에이팅 토너 240ml,16300,https://www.oliveyoung.co.kr/store/goods/getGoodsDetail.do?goodsNo=A000000223625&dispCatNo=100000100010013&t_page=카테고리관&t_click=스킨/토너_전체__상품상세&t_number=60,https://image.oliveyoung.co.kr/cfimages/cf-goods/uploads/images/thumbnails/10/0000/0022/A00000022362501ko.jpg?l=ko&QT=85&SF=webp&sharpen=1x0.5
토너,라네즈,라네즈 워터뱅크 블루히알루로닉 기초 2종(중건성),51750,https://www.oliveyoung.co.kr/store/goods/getGoodsDetail.do?goodsNo=A000000162056&dispCatNo=100000100010013&t_page=카테고리관&t_click=스킨/토너_전체__상품상세&t_number=61,https://image.oliveyoung.co.kr/cfimages/cf-goods/uploads/images/thumbnails/10/0000/0016/A00000016205604ko.jpg?l=ko&QT=85&SF=webp&sharpen=1x0.5
토너,넘버즈인,[11월 올영픽/흔적미백] 넘버즈인 5번 글루타치온씨 비타수액 에센셜 토너 200ml 리필 기획(+200ml 리필),25000,https://www.oliveyoung.co.kr/store/goods/getGoodsDetail.do?goodsNo=A000000211164&dispCatNo=100000100010013&t_page=카테고리관&t_click=스킨/토너_전체__상품상세&t_number=62,https://image.oliveyoung.co.kr/cfimages/cf-goods/uploads/images/thumbnails/10/0000/0021/A00000021116413ko.jpg?l=ko&QT=85&SF=webp&sharpen=1x0.5
토너,마몽드,[수분광] 마몽드 플로라 글로우 로즈 워터 토너 300ml,16000,https://www.oliveyoung.co.kr/store/goods/getGoodsDetail.do?goodsNo=A000000221331&dispCatNo=100000100010013&t_page=카테고리관&t_click=스킨/토너_전체__상품상세&t_number=63,https://image.oliveyoung.co.kr/cfimages/cf-goods/uploads/images/thumbnails/10/0000/0022/A00000022133104ko.jpg?l=ko&QT=85&SF=webp&sharpen=1x0.5
토너,유세린,[1+1] 유세린 더모퓨리파이어 토너 더블 기획 (200ml+200ml),24700,https://www.oliveyoung.co.kr/store/goods/getGoodsDetail.do?goodsNo=A000000205340&dispCatNo=100000100010013&t_page=카테고리관&t_click=스킨/토너_전체__상품상세&t_number=64,https://image.oliveyoung.co.kr/cfimages/cf-goods/uploads/images/thumbnails/10/0000/0020/A00000020534001ko.jpg?l=ko&QT=85&SF=webp&sharpen=1x0.5
토너,식물나라,식물나라 어린녹차 촉촉 진정토너 500mL,10800,https://www.oliveyoung.co.kr/store/goods/getGoodsDetail.do?goodsNo=A000000203171&dispCatNo=100000100010013&t_page=카테고리관&t_click=스킨/토너_전체__상품상세&t_number=65,https://image.oliveyoung.co.kr/cfimages/cf-goods/uploads/images/thumbnails/10/0000/0020/A00000020317103ko.jpg?l=ko&QT=85&SF=webp&sharpen=1x0.5
토너,포엘리에,[여드름/진정케어] 포엘리에 옴므 병풀잎수 86.63% 시카 토너 미스트 100ml,14900,https://www.oliveyoung.co.kr/store/goods/getGoodsDetail.do?goodsNo=A000000208030&dispCatNo=100000100010013&t_page=카테고리관&t_click=스킨/토너_전체__상품상세&t_number=66,https://image.oliveyoung.co.kr/cfimages/cf-goods/uploads/images/thumbnails/10/0000/0020/A00000020803016ko.jpg?l=ko&QT=85&SF=webp&sharpen=1x0.5
토너,파티온,[약산성/저자극] 파티온 노스카나인 트러블 클리어 토너 200ml,23000,https://www.oliveyoung.co.kr/store/goods/getGoodsDetail.do?goodsNo=A000000182787&dispCatNo=100000100010013&t_page=카테고리관&t_click=스킨/토너_전체__상품상세&t_number=67,https://image.oliveyoung.co.kr/cfimages/cf-goods/uploads/images/thumbnails/10/0000/0018/A00000018278703ko.jpg?l=ko&QT=85&SF=webp&sharpen=1x0.5
토너,라로슈포제,라로슈포제 시카플라스트 B5 스프레이 100ml,22500,https://www.oliveyoung.co.kr/store/goods/getGoodsDetail.do?goodsNo=A000000180024&dispCatNo=100000100010013&t_page=카테고리관&t_click=스킨/토너_전체__상품상세&t_number=68,https://image.oliveyoung.co.kr/cfimages/cf-goods/uploads/images/thumbnails/10/0000/0018/A00000018002403ko.jpg?l=ko&QT=85&SF=webp&sharpen=1x0.5
토너,비욘드,비욘드 엔젤아쿠아 수분진정 토너 500ml 기획 (+화장솜 70매),10360,https://www.oliveyoung.co.kr/store/goods/getGoodsDetail.do?goodsNo=A000000230464&dispCatNo=100000100010013&t_page=카테고리관&t_click=스킨/토너_전체__상품상세&t_number=69,
토너,오브제,오브제 모이스처 프로틴 장벽 토너 200ml,19900,https://www.oliveyoung.co.kr/store/goods/getGoodsDetail.do?goodsNo=A000000234358&dispCatNo=100000100010013&t_page=카테고리관&t_click=스킨/토너_전체__상품상세&t_number=70,https://image.oliveyoung.co.kr/cfimages/cf-goods/uploads/images/thumbnails/10/0000/0023/A00000023435809ko.jpg?l=ko&QT=85&SF=webp&sharpen=1x0.5
토너,정샘물,[결정돈토너] 정샘물 에센셜 물 토너 200ml,19550,https://www.oliveyoung.co.kr/store/goods/getGoodsDetail.do?goodsNo=A000000229470&dispCatNo=100000100010013&t_page=카테고리관&t_click=스킨/토너_전체__상품상세&t_number=71,https://image.oliveyoung.co.kr/cfimages/cf-goods/uploads/images/thumbnails/10/0000/0022/A00000022947002ko.jpg?l=ko&QT=85&SF=webp&sharpen=1x0.5
토너,아누아,아누아 복숭아 나이아신아마이드 에센스 토너 250mL,19500,https://www.oliveyoung.co.kr/store/goods/getGoodsDetail.do?goodsNo=A000000210050&dispCatNo=100000100010013&t_page=카테고리관&t_click=스킨/토너_전체__상품상세&t_number=72,https://image.oliveyoung.co.kr/cfimages/cf-goods/uploads/images/thumbnails/10/0000/0021/A00000021005004ko.jpg?l=ko&QT=85&SF=webp&sharpen=1x0.5
토너,유리아쥬,[수분장벽토너] 유리아쥬 제모스 토너 (본품500ml+250ml 추가 증정),39900,https://www.oliveyoung.co.kr/store/goods/getGoodsDetail.do?goodsNo=A000000157294&dispCatNo=100000100010013&t_page=카테고리관&t_click=스킨/토너_전체__상품상세&t_number=73,https://image.oliveyoung.co.kr/cfimages/cf-goods/uploads/images/thumbnails/10/0000/0015/A00000015729421ko.jpg?l=ko&QT=85&SF=webp&sharpen=1x0.5
토너,헤라,헤라 옴므 에센스인스킨 125ML,39100,https://www.oliveyoung.co.kr/store/goods/getGoodsDetail.do?goodsNo=A000000187652&dispCatNo=100000100010013&t_page=카테고리관&t_click=스킨/토너_전체__상품상세&t_number=74,https://image.oliveyoung.co.kr/cfimages/cf-goods/uploads/images/thumbnails/10/0000/0018/A00000018765204ko.jpg?l=ko&QT=85&SF=webp&sharpen=1x0.5
토너,폴라초이스,[바르는각질제거제]폴라초이스 스킨퍼펙팅 바하 리퀴드 118ml 기획,39000,https://www.oliveyoung.co.kr/store/goods/getGoodsDetail.do?goodsNo=A000000210550&dispCatNo=100000100010013&t_page=카테고리관&t_click=스킨/토너_전체__상품상세&t_number=75,https://image.oliveyoung.co.kr/cfimages/cf-goods/uploads/images/thumbnails/10/0000/0021/A00000021055014ko.jpg?l=ko&QT=85&SF=webp&sharpen=1x0.5
토너,차앤박,[화잘먹토너] 차앤박 더마앤서 핑크토닝 PDRN 토너 200ml,18620,https://www.oliveyoung.co.kr/store/goods/getGoodsDetail.do?goodsNo=A000000229082&dispCatNo=100000100010013&t_page=카테고리관&t_click=스킨/토너_전체__상품상세&t_number=76,https://image.oliveyoung.co.kr/cfimages/cf-goods/uploads/images/thumbnails/10/0000/0022/A00000022908211ko.jpg?l=ko&QT=85&SF=webp&sharpen=1x0.5
토너,조선미녀,[모공/진정케어] 조선미녀 맑은쌀채운 토너 150ml,18000,https://www.oliveyoung.co.kr/store/goods/getGoodsDetail.do?goodsNo=A000000213097&dispCatNo=100000100010013&t_page=카테고리관&t_click=스킨/토너_전체__상품상세&t_number=77,https://image.oliveyoung.co.kr/cfimages/cf-goods/uploads/images/thumbnails/10/0000/0021/A00000021309705ko.jpg?l=ko&QT=85&SF=webp&sharpen=1x0.5
토너,반코르,반코르 닥터 세라마이드 토너 150ml,17850,https://www.oliveyoung.co.kr/store/goods/getGoodsDetail.do?goodsNo=A000000213407&dispCatNo=100000100010013&t_page=카테고리관&t_click=스킨/토너_전체__상품상세&t_number=78,https://image.oliveyoung.co.kr/cfimages/cf-goods/uploads/images/thumbnails/10/0000/0021/A00000021340712ko.png?l=ko&QT=100&SF=webp&sharpen=1x0.5
토너,아이소이,아이소이 모이스춰닥터 장수진 수분토너 130ml,17600,https://www.oliveyoung.co.kr/store/goods/getGoodsDetail.do?goodsNo=A000000153859&dispCatNo=100000100010013&t_page=카테고리관&t_click=스킨/토너_전체__상품상세&t_number=79,https://image.oliveyoung.co.kr/cfimages/cf-goods/uploads/images/thumbnails/10/0000/0015/A00000015385907ko.jpg?l=ko&QT=85&SF=webp&sharpen=1x0.5
토너,넘버즈인,[각질7층보습] 넘버즈인 4번 메이크업 찰떡 미네랄 토너 200ml 기획 (+50ml 증정),17300,https://www.oliveyoung.co.kr/store/goods/getGoodsDetail.do?goodsNo=A000000191773&dispCatNo=100000100010013&t_page=카테고리관&t_click=스킨/토너_전체__상품상세&t_number=80,https://image.oliveyoung.co.kr/cfimages/cf-goods/uploads/images/thumbnails/10/0000/0019/A00000019177302ko.jpg?l=ko&QT=85&SF=webp&sharpen=1x0.5
토너,빌리프,[보습폭탄] 빌리프 모이스춰라이징 밤 토너 200ml,35000,https://www.oliveyoung.co.kr/store/goods/getGoodsDetail.do?goodsNo=A000000158930&dispCatNo=100000100010013&t_page=카테고리관&t_click=스킨/토너_전체__상품상세&t_number=81,https://image.oliveyoung.co.kr/cfimages/cf-goods/uploads/images/thumbnails/10/0000/0015/A00000015893017ko.jpg?l=ko&QT=85&SF=webp&sharpen=1x0.5
토너,비욘드,[100억돌파/500ml대용량] 비욘드 엔젤아쿠아 수분 진정 토너 500ml (비건),10360,https://www.oliveyoung.co.kr/store/goods/getGoodsDetail.do?goodsNo=A000000163510&dispCatNo=100000100010013&t_page=카테고리관&t_click=스킨/토너_전체__상품상세&t_number=82,https://image.oliveyoung.co.kr/cfimages/cf-goods/uploads/images/thumbnails/10/0000/0016/A00000016351016ko.jpg?l=ko&QT=85&SF=webp&sharpen=1x0.5
토너,아이디얼포맨,[콜라겐/레티놀]아이디얼 포 맨 퍼펙트 탄력 스킨 150mL / 200mL,15900,https://www.oliveyoung.co.kr/store/goods/getGoodsDetail.do?goodsNo=A000000208896&dispCatNo=100000100010013&t_page=카테고리관&t_click=스킨/토너_전체__상품상세&t_number=83,https://image.oliveyoung.co.kr/cfimages/cf-goods/uploads/images/thumbnails/10/0000/0020/A00000020889605ko.jpg?l=ko&QT=85&SF=webp&sharpen=1x0.5
토너,구달,[단독 리필기획] 구달 어성초 히알루론 수딩 토너 350ml 리필 기획 (+350ml 리필),32000,https://www.oliveyoung.co.kr/store/goods/getGoodsDetail.do?goodsNo=A000000201650&dispCatNo=100000100010013&t_page=카테고리관&t_click=스킨/토너_전체__상품상세&t_number=84,https://image.oliveyoung.co.kr/cfimages/cf-goods/uploads/images/thumbnails/10/0000/0020/A00000020165011ko.jpg?l=ko&QT=85&SF=webp&sharpen=1x0.5
토너,유리아쥬,[수분장벽토너] 유리아쥬 제모스 토너 500ml,29800,https://www.oliveyoung.co.kr/store/goods/getGoodsDetail.do?goodsNo=A000000116659&dispCatNo=100000100010013&t_page=카테고리관&t_click=스킨/토너_전체__상품상세&t_number=85,https://image.oliveyoung.co.kr/cfimages/cf-goods/uploads/images/thumbnails/10/0000/0011/A00000011665913ko.jpg?l=ko&QT=85&SF=webp&sharpen=1x0.5
토너,바이오더마,바이오더마 하이드라비오 토너 250ml,29000,https://www.oliveyoung.co.kr/store/goods/getGoodsDetail.do?goodsNo=A000000004434&dispCatNo=100000100010013&t_page=카테고리관&t_click=스킨/토너_전체__상품상세&t_number=86,https://image.oliveyoung.co.kr/cfimages/cf-goods/uploads/images/thumbnails/10/0000/0000/A00000000443410ko.jpg?l=ko&QT=85&SF=webp&sharpen=1x0.5
토너,아이소이,[응급진정토닉] 아이소이 아크니 닥터 1st 컨트롤 토닉 90ml,28800,https://www.oliveyoung.co.kr/store/goods/getGoodsDetail.do?goodsNo=A000000113806&dispCatNo=100000100010013&t_page=카테고리관&t_click=스킨/토너_전체__상품상세&t_number=87,https://image.oliveyoung.co.kr/cfimages/cf-goods/uploads/images/thumbnails/10/0000/0011/A00000011380610ko.jpg?l=ko&QT=85&SF=webp&sharpen=1x0.5
토너,아임프롬,아임프롬 라이스 토너 150ml,28000,https://www.oliveyoung.co.kr/store/goods/getGoodsDetail.do?goodsNo=A000000118427&dispCatNo=100000100010013&t_page=카테고리관&t_click=스킨/토너_전체__상품상세&t_number=88,https://image.oliveyoung.co.kr/cfimages/cf-goods/uploads/images/thumbnails/10/0000/0011/A00000011842712ko.jpg?l=ko&QT=85&SF=webp&sharpen=1x0.5
토너,유세린,[모공케어] 유세린 더머토클린 클래리파잉 토너 200ml,28000,https://www.oliveyoung.co.kr/store/goods/getGoodsDetail.do?goodsNo=A000000161314&dispCatNo=100000100010013&t_page=카테고리관&t_click=스킨/토너_전체__상품상세&t_number=89,https://image.oliveyoung.co.kr/cfimages/cf-goods/uploads/images/thumbnails/10/0000/0016/A00000016131404ko.jpg?l=ko&QT=85&SF=webp&sharpen=1x0.5
토너,프리메라,프리메라 오가니언스 베리어 리페어 카밍 에센스 토너 160ml,28000,https://www.oliveyoung.co.kr/store/goods/getGoodsDetail.do?goodsNo=A000000185589&dispCatNo=100000100010013&t_page=카테고리관&t_click=스킨/토너_전체__상품상세&t_number=90,https://image.oliveyoung.co.kr/cfimages/cf-goods/uploads/images/thumbnails/10/0000/0018/A00000018558906ko.jpg?l=ko&QT=85&SF=webp&sharpen=1x0.5
토너,키엘,키엘 칼렌듈라 허벌 엑스트렉트 토너 125ml,27060,https://www.oliveyoung.co.kr/store/goods/getGoodsDetail.do?goodsNo=A000000214066&dispCatNo=100000100010013&t_page=카테고리관&t_click=스킨/토너_전체__상품상세&t_number=91,https://image.oliveyoung.co.kr/cfimages/cf-goods/uploads/images/thumbnails/10/0000/0021/A00000021406630ko.jpg?l=ko&QT=85&SF=webp&sharpen=1x0.5
토너,유세린,[1+1/모공케어] 유세린 더머토클린 클래리파잉 토너 더블기획 (200ml+200ml),26600,https://www.oliveyoung.co.kr/store/goods/getGoodsDetail.do?goodsNo=A000000141900&dispCatNo=100000100010013&t_page=카테고리관&t_click=스킨/토너_전체__상품상세&t_number=92,https://image.oliveyoung.co.kr/cfimages/cf-goods/uploads/images/thumbnails/10/0000/0014/A00000014190009ko.jpg?l=ko&QT=85&SF=webp&sharpen=1x0.5
토너,원씽,[수분진정/붉은기완화] 원씽 병풀 추출물 토너 150ml,11500,https://www.oliveyoung.co.kr/store/goods/getGoodsDetail.do?goodsNo=A000000154540&dispCatNo=100000100010013&t_page=카테고리관&t_click=스킨/토너_전체__상품상세&t_number=93,https://image.oliveyoung.co.kr/cfimages/cf-goods/uploads/images/thumbnails/10/0000/0015/A00000015454009ko.jpg?l=ko&QT=85&SF=webp&sharpen=1x0.5
토너,아벤느,아벤느 이드랑스 딥모이스트 로션 200ml 기획 (+스킨케어 패드 10매입),24600,https://www.oliveyoung.co.kr/store/goods/getGoodsDetail.do?goodsNo=A000000221744&dispCatNo=100000100010013&t_page=카테고리관&t_click=스킨/토너_전체__상품상세&t_number=94,https://image.oliveyoung.co.kr/cfimages/cf-goods/uploads/images/thumbnails/10/0000/0022/A00000022174413ko.jpg?l=ko&QT=85&SF=webp&sharpen=1x0.5
토너,에뛰드,[단독기획]에뛰드 순정 약산성 5.5 진정 토너 700ml 대용량 기획(350ml+리필350ml),23900,https://www.oliveyoung.co.kr/store/goods/getGoodsDetail.do?goodsNo=A000000183408&dispCatNo=100000100010013&t_page=카테고리관&t_click=스킨/토너_전체__상품상세&t_number=95,https://image.oliveyoung.co.kr/cfimages/cf-goods/uploads/images/thumbnails/10/0000/0018/A00000018340810ko.png?l=ko&QT=100&SF=webp&sharpen=1x0.5
토너,프랭클리,프랭클리 시카 80 히알루론산 토너 260mL,10800,https://www.oliveyoung.co.kr/store/goods/getGoodsDetail.do?goodsNo=A000000177477&dispCatNo=100000100010013&t_page=카테고리관&t_click=스킨/토너_전체__상품상세&t_number=96,https://image.oliveyoung.co.kr/cfimages/cf-goods/uploads/images/thumbnails/10/0000/0017/A00000017747711ko.jpg?l=ko&QT=85&SF=webp&sharpen=1x0.5
토너,비플레인,[1+1/피지케어] 비플레인 녹두 모공 클리어링 라하 토너 265ml 기획 (+265ml 리필팩),22800,https://www.oliveyoung.co.kr/store/goods/getGoodsDetail.do?goodsNo=A000000214672&dispCatNo=100000100010013&t_page=카테고리관&t_click=스킨/토너_전체__상품상세&t_number=97,https://image.oliveyoung.co.kr/cfimages/cf-goods/uploads/images/thumbnails/10/0000/0021/A00000021467202ko.jpg?l=ko&QT=85&SF=webp&sharpen=1x0.5
토너,헤이네이처,헤이네이처 어성초 스킨 모이스처라이저 토너 200ml,22400,https://www.oliveyoung.co.kr/store/goods/getGoodsDetail.do?goodsNo=A000000228906&dispCatNo=100000100010013&t_page=카테고리관&t_click=스킨/토너_전체__상품상세&t_number=98,https://image.oliveyoung.co.kr/cfimages/cf-goods/uploads/images/thumbnails/10/0000/0022/A00000022890602ko.png?l=ko&QT=100&SF=webp&sharpen=1x0.5
토너,헤이네이처,헤이네이처 어성초 스킨 모이스처라이저 토너 200ml 기획 (+어성초 마스크 2매),22400,https://www.oliveyoung.co.kr/store/goods/getGoodsDetail.do?goodsNo=A000000228907&dispCatNo=100000100010013&t_page=카테고리관&t_click=스킨/토너_전체__상품상세&t_number=99,https://image.oliveyoung.co.kr/cfimages/cf-goods/uploads/images/thumbnails/10/0000/0022/A00000022890706ko.jpg?l=ko&QT=85&SF=webp&sharpen=1x0.5
토너,코스알엑스,[NCT마크 PICK] 코스알엑스 풀핏 프로폴리스 시너지 토너 280ml,22000,https://www.oliveyoung.co.kr/store/goods/getGoodsDetail.do?goodsNo=A000000129474&dispCatNo=100000100010013&t_page=카테고리관&t_click=스킨/토너_전체__상품상세&t_number=100,https://image.oliveyoung.co.kr/cfimages/cf-goods/uploads/images/thumbnails/10/0000/0012/A00000012947415ko.jpg?l=ko&QT=85&SF=webp&sharpen=1x0.5
토너,원씽,[트러블완화/진정] 원씽 어성초 추출물 토너 150ml,9900,https://www.oliveyoung.co.kr/store/goods/getGoodsDetail.do?goodsNo=A000000154506&dispCatNo=100000100010013&t_page=카테고리관&t_click=스킨/토너_전체__상품상세&t_number=101,https://image.oliveyoung.co.kr/cfimages/cf-goods/uploads/images/thumbnails/10/0000/0015/A00000015450607ko.jpg?l=ko&QT=85&SF=webp&sharpen=1x0.5
토너,지피덤,[장벽탄력/화잘먹] 지피덤 셀트리온 EGF 스킨베리어 크림에센스 토너 150ml,21470,https://www.oliveyoung.co.kr/store/goods/getGoodsDetail.do?goodsNo=A000000229509&dispCatNo=100000100010013&t_page=카테고리관&t_click=스킨/토너_전체__상품상세&t_number=102,https://image.oliveyoung.co.kr/cfimages/cf-goods/uploads/images/thumbnails/10/0000/0022/A00000022950914ko.jpg?l=ko&QT=85&SF=webp&sharpen=1x0.5
토너,디오디너리,[수분보습] 디오디너리 사카로미세스 퍼멘트 30% 밀키 토너 100ml,20100,https://www.oliveyoung.co.kr/store/goods/getGoodsDetail.do?goodsNo=A000000205919&dispCatNo=100000100010013&t_page=카테고리관&t_click=스킨/토너_전체__상품상세&t_number=103,https://image.oliveyoung.co.kr/cfimages/cf-goods/uploads/images/thumbnails/10/0000/0020/A00000020591901ko.jpg?l=ko&QT=85&SF=webp&sharpen=1x0.5
토너,클럽맨피노드,클럽맨리저브 젠트진 에프터쉐이브 177ml,20000,https://www.oliveyoung.co.kr/store/goods/getGoodsDetail.do?goodsNo=A000000124495&dispCatNo=100000100010013&t_page=카테고리관&t_click=스킨/토너_전체__상품상세&t_number=104,https://image.oliveyoung.co.kr/cfimages/cf-goods/uploads/images/thumbnails/10/0000/0012/A00000012449503ko.jpg?l=ko&QT=85&SF=webp&sharpen=1x0.5
토너,유리아쥬,[수분장벽토너] 유리아쥬 제모스 토너 250ml,19900,https://www.oliveyoung.co.kr/store/goods/getGoodsDetail.do?goodsNo=A000000016873&dispCatNo=100000100010013&t_page=카테고리관&t_click=스킨/토너_전체__상품상세&t_number=105,https://image.oliveyoung.co.kr/cfimages/cf-goods/uploads/images/thumbnails/10/0000/0001/A00000001687325ko.jpg?l=ko&QT=85&SF=webp&sharpen=1x0.5
토너,유리아쥬,[피지각질토너] 유리아쥬 이제악 토너 250ML기획 (+ 화장솜 20매 증정),19900,https://www.oliveyoung.co.kr/store/goods/getGoodsDetail.do?goodsNo=A000000219625&dispCatNo=100000100010013&t_page=카테고리관&t_click=스킨/토너_전체__상품상세&t_number=106,https://image.oliveyoung.co.kr/cfimages/cf-goods/uploads/images/thumbnails/10/0000/0021/A00000021962501ko.jpg?l=ko&QT=85&SF=webp&sharpen=1x0.5
토너,이즈앤트리,[대용량] 이즈앤트리 히아루론산 토너 400ml,19300,https://www.oliveyoung.co.kr/store/goods/getGoodsDetail.do?goodsNo=A000000129444&dispCatNo=100000100010013&t_page=카테고리관&t_click=스킨/토너_전체__상품상세&t_number=107,https://image.oliveyoung.co.kr/cfimages/cf-goods/uploads/images/thumbnails/10/0000/0012/A00000012944419ko.jpg?l=ko&QT=85&SF=webp&sharpen=1x0.5
토너,티엘스,[첫 단계 톤업 케어] 티엘스 레드 오렌지 나이아신아마이드 토너 150ml,19000,https://www.oliveyoung.co.kr/store/goods/getGoodsDetail.do?goodsNo=A000000209641&dispCatNo=100000100010013&t_page=카테고리관&t_click=스킨/토너_전체__상품상세&t_number=108,https://image.oliveyoung.co.kr/cfimages/cf-goods/uploads/images/thumbnails/10/0000/0020/A00000020964102ko.jpg?l=ko&QT=85&SF=webp&sharpen=1x0.5
토너,어나더페이스,[매끈물광&피지쓱싹] 어나더페이스 펩타테놀 수분 밸런스 토너 120ml,17820,https://www.oliveyoung.co.kr/store/goods/getGoodsDetail.do?goodsNo=A000000227275&dispCatNo=100000100010013&t_page=카테고리관&t_click=스킨/토너_전체__상품상세&t_number=109,https://image.oliveyoung.co.kr/cfimages/cf-goods/uploads/images/thumbnails/10/0000/0022/A00000022727516ko.jpg?l=ko&QT=85&SF=webp&sharpen=1x0.5
토너,플라스킨,플라스킨 하얀쌀 효소필 단백질 토너 250ml,17500,https://www.oliveyoung.co.kr/store/goods/getGoodsDetail.do?goodsNo=A000000199836&dispCatNo=100000100010013&t_page=카테고리관&t_click=스킨/토너_전체__상품상세&t_number=110,https://image.oliveyoung.co.kr/cfimages/cf-goods/uploads/images/thumbnails/10/0000/0019/A00000019983610ko.jpg?l=ko&QT=85&SF=webp&sharpen=1x0.5
토너,큐어,[증량기획] 김정문알로에 큐어 알로에 워터 젤리 토너 기획 세트 500ml+50ml [젤리토너],17200,https://www.oliveyoung.co.kr/store/goods/getGoodsDetail.do?goodsNo=A000000166383&dispCatNo=100000100010013&t_page=카테고리관&t_click=스킨/토너_전체__상품상세&t_number=111,https://image.oliveyoung.co.kr/cfimages/cf-goods/uploads/images/thumbnails/10/0000/0016/A00000016638322ko.jpg?l=ko&QT=85&SF=webp&sharpen=1x0.5
토너,아비브,아비브 글루타치온좀 잡티 토너 스킨부스터 200ml,16100,https://www.oliveyoung.co.kr/store/goods/getGoodsDetail.do?goodsNo=A000000227666&dispCatNo=100000100010013&t_page=카테고리관&t_click=스킨/토너_전체__상품상세&t_number=112,https://image.oliveyoung.co.kr/cfimages/cf-goods/uploads/images/thumbnails/10/0000/0022/A00000022766602ko.jpg?l=ko&QT=85&SF=webp&sharpen=1x0.5
토너,더바디샵,더바디샵 티트리 오일 10ML,16000,https://www.oliveyoung.co.kr/store/goods/getGoodsDetail.do?goodsNo=A000000206418&dispCatNo=100000100010013&t_page=카테고리관&t_click=스킨/토너_전체__상품상세&t_number=113,https://image.oliveyoung.co.kr/cfimages/cf-goods/uploads/images/thumbnails/10/0000/0020/A00000020641801ko.jpg?l=ko&QT=85&SF=webp&sharpen=1x0.5
토너,썸바이미,썸바이미 아하 바하 파하 30 데이즈 미라클 토너 기획세트 (150ml+30ml),15100,https://www.oliveyoung.co.kr/store/goods/getGoodsDetail.do?goodsNo=A000000216574&dispCatNo=100000100010013&t_page=카테고리관&t_click=스킨/토너_전체__상품상세&t_number=114,https://image.oliveyoung.co.kr/cfimages/cf-goods/uploads/images/thumbnails/10/0000/0021/A00000021657408ko.jpg?l=ko&QT=85&SF=webp&sharpen=1x0.5
토너,AHC,AHC 허브솔루션 위치하젤 토너 500ml,15000,https://www.oliveyoung.co.kr/store/goods/getGoodsDetail.do?goodsNo=A000000165355&dispCatNo=100000100010013&t_page=카테고리관&t_click=스킨/토너_전체__상품상세&t_number=115,https://image.oliveyoung.co.kr/cfimages/cf-goods/uploads/images/thumbnails/10/0000/0016/A00000016535501ko.jpg?l=ko&QT=85&SF=webp&sharpen=1x0.5
토너,이즈앤트리,[NCT 재민PICK] 이즈앤트리 초저분자 히아루론산 토너 300ml,14700,https://www.oliveyoung.co.kr/store/goods/getGoodsDetail.do?goodsNo=A000000197102&dispCatNo=100000100010013&t_page=카테고리관&t_click=스킨/토너_전체__상품상세&t_number=116,https://image.oliveyoung.co.kr/cfimages/cf-goods/uploads/images/thumbnails/10/0000/0019/A00000019710211ko.jpg?l=ko&QT=85&SF=webp&sharpen=1x0.5
토너,AHC,AHC 온리 포맨 토너 150ml,14000,https://www.oliveyoung.co.kr/store/goods/getGoodsDetail.do?goodsNo=A000000147660&dispCatNo=100000100010013&t_page=카테고리관&t_click=스킨/토너_전체__상품상세&t_number=117,https://image.oliveyoung.co.kr/cfimages/cf-goods/uploads/images/thumbnails/10/0000/0014/A00000014766005ko.jpg?l=ko&QT=85&SF=webp&sharpen=1x0.5
토너,리우젤,리우젤 에프터 쉐이브 스킨 2종,13900,https://www.oliveyoung.co.kr/store/goods/getGoodsDetail.do?goodsNo=A000000130513&dispCatNo=100000100010013&t_page=카테고리관&t_click=스킨/토너_전체__상품상세&t_number=118,https://image.oliveyoung.co.kr/cfimages/cf-goods/uploads/images/thumbnails/10/0000/0013/A00000013051310ko.png?l=ko&QT=100&SF=webp&sharpen=1x0.5
토너,라끄베르,라끄베르 옴므 리차지 애프터쉐이브 185ml,12000,https://www.oliveyoung.co.kr/store/goods/getGoodsDetail.do?goodsNo=A000000016751&dispCatNo=100000100010013&t_page=카테고리관&t_click=스킨/토너_전체__상품상세&t_number=119,https://image.oliveyoung.co.kr/cfimages/cf-goods/uploads/images/thumbnails/10/0000/0001/A00000001675102ko.jpg?l=ko&QT=85&SF=webp&sharpen=1x0.5
토너,코스노리,[NEW] 코스노리 판테놀 베리어 토너 205ml,12000,https://www.oliveyoung.co.kr/store/goods/getGoodsDetail.do?goodsNo=A000000237491&dispCatNo=100000100010013&t_page=카테고리관&t_click=스킨/토너_전체__상품상세&t_number=120,https://image.oliveyoung.co.kr/cfimages/cf-goods/uploads/images/thumbnails/10/0000/0023/A00000023749105ko.jpg?l=ko&QT=85&SF=webp&sharpen=1x0.5
